Date;Close
1995-05-01;514.260010
1995-05-02;514.859985
1995-05-03;520.479980
1995-05-04;520.539978
1995-05-05;520.119995
1995-05-08;523.960022
1995-05-09;523.559998
1995-05-10;524.359985
1995-05-11;524.369995
1995-05-12;525.549988
1995-05-15;527.739990
1995-05-16;528.190002
1995-05-17;527.070007
1995-05-18;519.580017
1995-05-19;519.190002
1995-05-22;523.650024
1995-05-23;528.590027
1995-05-24;528.609985
1995-05-25;528.590027
1995-05-26;523.650024
1995-05-30;523.580017
1995-05-31;533.400024
1995-06-01;533.489990
1995-06-02;532.510010
1995-06-05;535.599976
1995-06-06;535.549988
1995-06-07;533.130005
1995-06-08;532.349976
1995-06-09;527.940002
1995-06-12;530.880005
1995-06-13;536.049988
1995-06-14;536.469971
1995-06-15;537.119995
1995-06-16;539.830017
1995-06-19;545.219971
1995-06-20;544.979980
1995-06-21;543.979980
1995-06-22;551.070007
1995-06-23;549.710022
1995-06-26;544.130005
1995-06-27;542.429993
1995-06-28;544.729980
1995-06-29;543.869995
1995-06-30;544.750000
1995-07-03;547.090027
1995-07-05;547.260010
1995-07-06;553.989990
1995-07-07;556.369995
1995-07-10;557.190002
1995-07-11;554.780029
1995-07-12;560.890015
1995-07-13;561.000000
1995-07-14;559.890015
1995-07-17;562.719971
1995-07-18;558.460022
1995-07-19;550.979980
1995-07-20;553.539978
1995-07-21;553.619995
1995-07-24;556.630005
1995-07-25;561.099976
1995-07-26;561.609985
1995-07-27;565.219971
1995-07-28;562.929993
1995-07-31;562.059998
1995-08-01;559.640015
1995-08-02;558.799988
1995-08-03;558.750000
1995-08-04;558.940002
1995-08-07;560.030029
1995-08-08;560.390015
1995-08-09;559.710022
1995-08-10;557.450012
1995-08-11;555.109985
1995-08-14;559.739990
1995-08-15;558.570007
1995-08-16;559.969971
1995-08-17;559.039978
1995-08-18;559.210022
1995-08-21;558.109985
1995-08-22;559.520020
1995-08-23;557.140015
1995-08-24;557.460022
1995-08-25;560.099976
1995-08-28;559.049988
1995-08-29;560.000000
1995-08-30;560.919983
1995-08-31;561.880005
1995-09-01;563.840027
1995-09-05;569.169983
1995-09-06;570.169983
1995-09-07;570.289978
1995-09-08;572.679993
1995-09-11;573.909973
1995-09-12;576.510010
1995-09-13;578.770020
1995-09-14;583.609985
1995-09-15;583.349976
1995-09-18;582.770020
1995-09-19;584.200012
1995-09-20;586.770020
1995-09-21;583.000000
1995-09-22;581.729980
1995-09-25;581.809998
1995-09-26;581.409973
1995-09-27;581.039978
1995-09-28;585.869995
1995-09-29;584.409973
1995-10-02;581.719971
1995-10-03;582.340027
1995-10-04;581.469971
1995-10-05;582.630005
1995-10-06;582.489990
1995-10-09;578.369995
1995-10-10;577.520020
1995-10-11;579.460022
1995-10-12;583.099976
1995-10-13;584.500000
1995-10-16;583.030029
1995-10-17;586.780029
1995-10-18;587.440002
1995-10-19;590.650024
1995-10-20;587.460022
1995-10-23;585.059998
1995-10-24;586.539978
1995-10-25;582.469971
1995-10-26;576.719971
1995-10-27;579.700012
1995-10-30;583.250000
1995-10-31;581.500000
1995-11-01;584.219971
1995-11-02;589.719971
1995-11-03;590.570007
1995-11-06;588.460022
1995-11-07;586.320007
1995-11-08;591.710022
1995-11-09;593.260010
1995-11-10;592.719971
1995-11-13;592.299988
1995-11-14;589.289978
1995-11-15;593.960022
1995-11-16;597.340027
1995-11-17;600.070007
1995-11-20;596.849976
1995-11-21;600.239990
1995-11-22;598.400024
1995-11-24;599.969971
1995-11-27;601.320007
1995-11-28;606.450012
1995-11-29;607.640015
1995-11-30;605.369995
1995-12-01;606.979980
1995-12-04;613.679993
1995-12-05;617.679993
1995-12-06;620.179993
1995-12-07;616.169983
1995-12-08;617.479980
1995-12-11;619.520020
1995-12-12;618.780029
1995-12-13;621.690002
1995-12-14;616.919983
1995-12-15;616.340027
1995-12-18;606.809998
1995-12-19;611.929993
1995-12-20;605.940002
1995-12-21;610.489990
1995-12-22;611.950012
1995-12-26;614.299988
1995-12-27;614.530029
1995-12-28;614.119995
1995-12-29;615.929993
1996-01-02;620.729980
1996-01-03;621.320007
1996-01-04;617.700012
1996-01-05;616.710022
1996-01-08;618.460022
1996-01-09;609.450012
1996-01-10;598.479980
1996-01-11;602.690002
1996-01-12;601.809998
1996-01-15;599.820007
1996-01-16;608.440002
1996-01-17;606.369995
1996-01-18;608.239990
1996-01-19;611.830017
1996-01-22;613.400024
1996-01-23;612.789978
1996-01-24;619.960022
1996-01-25;617.030029
1996-01-26;621.619995
1996-01-29;624.219971
1996-01-30;630.150024
1996-01-31;636.020020
1996-02-01;638.460022
1996-02-02;635.840027
1996-02-05;641.429993
1996-02-06;646.330017
1996-02-07;649.929993
1996-02-08;656.070007
1996-02-09;656.369995
1996-02-12;661.450012
1996-02-13;660.510010
1996-02-14;655.580017
1996-02-15;651.320007
1996-02-16;647.979980
1996-02-20;640.650024
1996-02-21;648.099976
1996-02-22;658.859985
1996-02-23;659.080017
1996-02-26;650.460022
1996-02-27;647.239990
1996-02-28;644.750000
1996-02-29;640.429993
1996-03-01;644.369995
1996-03-04;650.809998
1996-03-05;655.789978
1996-03-06;652.000000
1996-03-07;653.650024
1996-03-08;633.500000
1996-03-11;640.020020
1996-03-12;637.090027
1996-03-13;638.549988
1996-03-14;640.869995
1996-03-15;641.429993
1996-03-18;652.650024
1996-03-19;651.690002
1996-03-20;649.979980
1996-03-21;649.190002
1996-03-22;650.619995
1996-03-25;650.039978
1996-03-26;652.969971
1996-03-27;648.909973
1996-03-28;648.940002
1996-03-29;645.500000
1996-04-01;653.729980
1996-04-02;655.260010
1996-04-03;655.880005
1996-04-04;655.859985
1996-04-08;644.239990
1996-04-09;642.190002
1996-04-10;633.500000
1996-04-11;631.179993
1996-04-12;636.710022
1996-04-15;642.489990
1996-04-16;645.000000
1996-04-17;641.609985
1996-04-18;643.609985
1996-04-19;645.070007
1996-04-22;647.890015
1996-04-23;651.580017
1996-04-24;650.169983
1996-04-25;652.869995
1996-04-26;653.460022
1996-04-29;654.159973
1996-04-30;654.169983
1996-05-01;654.580017
1996-05-02;643.380005
1996-05-03;641.630005
1996-05-06;640.809998
1996-05-07;638.260010
1996-05-08;644.770020
1996-05-09;645.440002
1996-05-10;652.090027
1996-05-13;661.510010
1996-05-14;665.599976
1996-05-15;665.419983
1996-05-16;664.849976
1996-05-17;668.909973
1996-05-20;673.150024
1996-05-21;672.760010
1996-05-22;678.419983
1996-05-23;676.000000
1996-05-24;678.510010
1996-05-28;672.229980
1996-05-29;667.929993
1996-05-30;671.700012
1996-05-31;669.119995
1996-06-03;667.679993
1996-06-04;672.559998
1996-06-05;678.440002
1996-06-06;673.030029
1996-06-07;673.309998
1996-06-10;672.159973
1996-06-11;670.969971
1996-06-12;669.039978
1996-06-13;667.919983
1996-06-14;665.849976
1996-06-17;665.159973
1996-06-18;662.059998
1996-06-19;661.960022
1996-06-20;662.099976
1996-06-21;666.840027
1996-06-24;668.849976
1996-06-25;668.479980
1996-06-26;664.390015
1996-06-27;668.549988
1996-06-28;670.630005
1996-07-01;675.880005
1996-07-02;673.609985
1996-07-03;672.400024
1996-07-05;657.440002
1996-07-08;652.539978
1996-07-09;654.750000
1996-07-10;656.059998
1996-07-11;645.669983
1996-07-12;646.190002
1996-07-15;629.799988
1996-07-16;628.369995
1996-07-17;634.070007
1996-07-18;643.559998
1996-07-19;638.729980
1996-07-22;633.770020
1996-07-23;626.869995
1996-07-24;626.650024
1996-07-25;631.169983
1996-07-26;635.900024
1996-07-29;630.909973
1996-07-30;635.260010
1996-07-31;639.950012
1996-08-01;650.020020
1996-08-02;662.489990
1996-08-05;660.229980
1996-08-06;662.380005
1996-08-07;664.159973
1996-08-08;662.590027
1996-08-09;662.099976
1996-08-12;665.770020
1996-08-13;660.200012
1996-08-14;662.049988
1996-08-15;662.280029
1996-08-16;665.210022
1996-08-19;666.580017
1996-08-20;665.690002
1996-08-21;665.070007
1996-08-22;670.679993
1996-08-23;667.030029
1996-08-26;663.880005
1996-08-27;666.400024
1996-08-28;664.809998
1996-08-29;657.400024
1996-08-30;651.989990
1996-09-03;654.719971
1996-09-04;655.609985
1996-09-05;649.440002
1996-09-06;655.679993
1996-09-09;663.760010
1996-09-10;663.809998
1996-09-11;667.280029
1996-09-12;671.150024
1996-09-13;680.539978
1996-09-16;683.979980
1996-09-17;682.940002
1996-09-18;681.469971
1996-09-19;683.000000
1996-09-20;687.030029
1996-09-23;686.479980
1996-09-24;685.609985
1996-09-25;685.830017
1996-09-26;685.859985
1996-09-27;686.190002
1996-09-30;687.330017
1996-10-01;689.080017
1996-10-02;694.010010
1996-10-03;692.780029
1996-10-04;701.460022
1996-10-07;703.340027
1996-10-08;700.640015
1996-10-09;696.739990
1996-10-10;694.609985
1996-10-11;700.659973
1996-10-14;703.539978
1996-10-15;702.570007
1996-10-16;704.409973
1996-10-17;706.989990
1996-10-18;710.820007
1996-10-21;709.849976
1996-10-22;706.570007
1996-10-23;707.270020
1996-10-24;702.289978
1996-10-25;700.919983
1996-10-28;697.260010
1996-10-29;701.500000
1996-10-30;700.900024
1996-10-31;705.270020
1996-11-01;703.770020
1996-11-04;706.729980
1996-11-05;714.140015
1996-11-06;724.590027
1996-11-07;727.650024
1996-11-08;730.820007
1996-11-11;731.869995
1996-11-12;729.559998
1996-11-13;731.130005
1996-11-14;735.880005
1996-11-15;737.619995
1996-11-18;737.020020
1996-11-19;742.159973
1996-11-20;743.950012
1996-11-21;742.750000
1996-11-22;748.729980
1996-11-25;757.030029
1996-11-26;755.960022
1996-11-27;755.000000
1996-11-29;757.020020
1996-12-02;756.559998
1996-12-03;748.280029
1996-12-04;745.099976
1996-12-05;744.380005
1996-12-06;739.599976
1996-12-09;749.760010
1996-12-10;747.539978
1996-12-11;740.729980
1996-12-12;729.299988
1996-12-13;728.640015
1996-12-16;720.979980
1996-12-17;726.039978
1996-12-18;731.539978
1996-12-19;745.760010
1996-12-20;748.869995
1996-12-23;746.919983
1996-12-24;751.030029
1996-12-26;755.820007
1996-12-27;756.789978
1996-12-30;753.849976
1996-12-31;740.739990
1997-01-02;737.010010
1997-01-03;748.030029
1997-01-06;747.650024
1997-01-07;753.229980
1997-01-08;748.409973
1997-01-09;754.849976
1997-01-10;759.500000
1997-01-13;759.510010
1997-01-14;768.859985
1997-01-15;767.200012
1997-01-16;769.750000
1997-01-17;776.169983
1997-01-20;776.700012
1997-01-21;782.719971
1997-01-22;786.229980
1997-01-23;777.559998
1997-01-24;770.520020
1997-01-27;765.020020
1997-01-28;765.020020
1997-01-29;772.500000
1997-01-30;784.169983
1997-01-31;786.159973
1997-02-03;786.729980
1997-02-04;789.260010
1997-02-05;778.280029
1997-02-06;780.150024
1997-02-07;789.559998
1997-02-10;785.429993
1997-02-11;789.590027
1997-02-12;802.770020
1997-02-13;811.820007
1997-02-14;808.479980
1997-02-18;816.289978
1997-02-19;812.489990
1997-02-20;802.799988
1997-02-21;801.770020
1997-02-24;810.280029
1997-02-25;812.030029
1997-02-26;805.679993
1997-02-27;795.070007
1997-02-28;790.820007
1997-03-03;795.309998
1997-03-04;790.950012
1997-03-05;801.989990
1997-03-06;798.559998
1997-03-07;804.969971
1997-03-10;813.650024
1997-03-11;811.340027
1997-03-12;804.260010
1997-03-13;789.559998
1997-03-14;793.169983
1997-03-17;795.710022
1997-03-18;789.659973
1997-03-19;785.770020
1997-03-20;782.650024
1997-03-21;784.099976
1997-03-24;790.890015
1997-03-25;789.070007
1997-03-26;790.500000
1997-03-27;773.880005
1997-03-31;757.119995
1997-04-01;759.640015
1997-04-02;750.109985
1997-04-03;750.320007
1997-04-04;757.900024
1997-04-07;762.130005
1997-04-08;766.119995
1997-04-09;760.599976
1997-04-10;758.340027
1997-04-11;737.650024
1997-04-14;743.729980
1997-04-15;754.719971
1997-04-16;763.530029
1997-04-17;761.770020
1997-04-18;766.340027
1997-04-21;760.369995
1997-04-22;774.609985
1997-04-23;773.640015
1997-04-24;771.179993
1997-04-25;765.369995
1997-04-28;772.960022
1997-04-29;794.049988
1997-04-30;801.340027
1997-05-01;798.530029
1997-05-02;812.969971
1997-05-05;830.289978
1997-05-06;827.760010
1997-05-07;815.619995
1997-05-08;820.260010
1997-05-09;824.780029
1997-05-12;837.659973
1997-05-13;833.130005
1997-05-14;836.039978
1997-05-15;841.880005
1997-05-16;829.750000
1997-05-19;833.270020
1997-05-20;841.659973
1997-05-21;839.349976
1997-05-22;835.659973
1997-05-23;847.030029
1997-05-27;849.710022
1997-05-28;847.210022
1997-05-29;844.080017
1997-05-30;848.280029
1997-06-02;846.359985
1997-06-03;845.479980
1997-06-04;840.109985
1997-06-05;843.429993
1997-06-06;858.010010
1997-06-09;862.909973
1997-06-10;865.270020
1997-06-11;869.570007
1997-06-12;883.460022
1997-06-13;893.270020
1997-06-16;893.900024
1997-06-17;894.419983
1997-06-18;889.059998
1997-06-19;897.989990
1997-06-20;898.700012
1997-06-23;878.619995
1997-06-24;896.340027
1997-06-25;888.989990
1997-06-26;883.679993
1997-06-27;887.299988
1997-06-30;885.140015
1997-07-01;891.030029
1997-07-02;904.030029
1997-07-03;916.919983
1997-07-07;912.200012
1997-07-08;918.750000
1997-07-09;907.539978
1997-07-10;913.780029
1997-07-11;916.679993
1997-07-14;918.380005
1997-07-15;925.760010
1997-07-16;936.590027
1997-07-17;931.609985
1997-07-18;915.299988
1997-07-21;912.940002
1997-07-22;933.979980
1997-07-23;936.559998
1997-07-24;940.299988
1997-07-25;938.789978
1997-07-28;936.450012
1997-07-29;942.289978
1997-07-30;952.289978
1997-07-31;954.309998
1997-08-01;947.140015
1997-08-04;950.299988
1997-08-05;952.369995
1997-08-06;960.320007
1997-08-07;951.190002
1997-08-08;933.539978
1997-08-11;937.000000
1997-08-12;926.530029
1997-08-13;922.020020
1997-08-14;924.770020
1997-08-15;900.809998
1997-08-18;912.489990
1997-08-19;926.010010
1997-08-20;939.349976
1997-08-21;925.049988
1997-08-22;923.539978
1997-08-25;920.159973
1997-08-26;913.020020
1997-08-27;913.700012
1997-08-28;903.669983
1997-08-29;899.469971
1997-09-02;927.580017
1997-09-03;927.859985
1997-09-04;930.869995
1997-09-05;929.049988
1997-09-08;931.200012
1997-09-09;933.619995
1997-09-10;919.030029
1997-09-11;912.590027
1997-09-12;923.909973
1997-09-15;919.770020
1997-09-16;945.640015
1997-09-17;943.000000
1997-09-18;947.289978
1997-09-19;950.510010
1997-09-22;955.429993
1997-09-23;951.929993
1997-09-24;944.479980
1997-09-25;937.909973
1997-09-26;945.219971
1997-09-29;953.340027
1997-09-30;947.280029
1997-10-01;955.409973
1997-10-02;960.460022
1997-10-03;965.030029
1997-10-06;972.690002
1997-10-07;983.119995
1997-10-08;973.840027
1997-10-09;970.619995
1997-10-10;966.979980
1997-10-13;968.099976
1997-10-14;970.280029
1997-10-15;965.719971
1997-10-16;955.250000
1997-10-17;944.159973
1997-10-20;955.609985
1997-10-21;972.280029
1997-10-22;968.489990
1997-10-23;950.690002
1997-10-24;941.640015
1997-10-27;876.989990
1997-10-28;921.849976
1997-10-29;919.159973
1997-10-30;903.679993
1997-10-31;914.619995
1997-11-03;938.989990
1997-11-04;940.760010
1997-11-05;942.760010
1997-11-06;938.030029
1997-11-07;927.510010
1997-11-10;921.130005
1997-11-11;923.780029
1997-11-12;905.960022
1997-11-13;916.659973
1997-11-14;928.349976
1997-11-17;946.200012
1997-11-18;938.229980
1997-11-19;944.590027
1997-11-20;958.979980
1997-11-21;963.090027
1997-11-24;946.669983
1997-11-25;950.820007
1997-11-26;951.640015
1997-11-28;955.400024
1997-12-01;974.770020
1997-12-02;971.679993
1997-12-03;976.770020
1997-12-04;973.099976
1997-12-05;983.789978
1997-12-08;982.369995
1997-12-09;975.780029
1997-12-10;969.789978
1997-12-11;954.940002
1997-12-12;953.390015
1997-12-15;963.390015
1997-12-16;968.039978
1997-12-17;965.539978
1997-12-18;955.299988
1997-12-19;946.780029
1997-12-22;953.700012
1997-12-23;939.130005
1997-12-24;932.700012
1997-12-26;936.460022
1997-12-29;953.349976
1997-12-30;970.840027
1997-12-31;970.429993
1998-01-02;975.039978
1998-01-05;977.070007
1998-01-06;966.580017
1998-01-07;964.000000
1998-01-08;956.049988
1998-01-09;927.690002
1998-01-12;939.210022
1998-01-13;952.119995
1998-01-14;957.940002
1998-01-15;950.729980
1998-01-16;961.510010
1998-01-20;978.599976
1998-01-21;970.809998
1998-01-22;963.039978
1998-01-23;957.590027
1998-01-26;956.950012
1998-01-27;969.020020
1998-01-28;977.460022
1998-01-29;985.489990
1998-01-30;980.280029
1998-02-02;1001.270020
1998-02-03;1006.000000
1998-02-04;1006.900024
1998-02-05;1003.539978
1998-02-06;1012.460022
1998-02-09;1010.739990
1998-02-10;1019.010010
1998-02-11;1020.010010
1998-02-12;1024.140015
1998-02-13;1020.090027
1998-02-17;1022.760010
1998-02-18;1032.079956
1998-02-19;1028.280029
1998-02-20;1034.209961
1998-02-23;1038.140015
1998-02-24;1030.560059
1998-02-25;1042.900024
1998-02-26;1048.670044
1998-02-27;1049.339966
1998-03-02;1047.699951
1998-03-03;1052.020020
1998-03-04;1047.329956
1998-03-05;1035.050049
1998-03-06;1055.689941
1998-03-09;1052.310059
1998-03-10;1064.250000
1998-03-11;1068.469971
1998-03-12;1069.920044
1998-03-13;1068.609985
1998-03-16;1079.270020
1998-03-17;1080.449951
1998-03-18;1085.520020
1998-03-19;1089.739990
1998-03-20;1099.160034
1998-03-23;1095.550049
1998-03-24;1105.650024
1998-03-25;1101.930054
1998-03-26;1100.800049
1998-03-27;1095.439941
1998-03-30;1093.599976
1998-03-31;1101.750000
1998-04-01;1108.150024
1998-04-02;1120.010010
1998-04-03;1122.699951
1998-04-06;1121.380005
1998-04-07;1109.550049
1998-04-08;1101.650024
1998-04-09;1110.670044
1998-04-13;1109.689941
1998-04-14;1115.750000
1998-04-15;1119.319946
1998-04-16;1108.170044
1998-04-17;1122.719971
1998-04-20;1123.650024
1998-04-21;1126.670044
1998-04-22;1130.540039
1998-04-23;1119.579956
1998-04-24;1107.900024
1998-04-27;1086.540039
1998-04-28;1085.109985
1998-04-29;1094.619995
1998-04-30;1111.750000
1998-05-01;1121.000000
1998-05-04;1122.069946
1998-05-05;1115.500000
1998-05-06;1104.920044
1998-05-07;1095.140015
1998-05-08;1108.140015
1998-05-11;1106.640015
1998-05-12;1115.790039
1998-05-13;1118.859985
1998-05-14;1117.369995
1998-05-15;1108.729980
1998-05-18;1105.819946
1998-05-19;1109.520020
1998-05-20;1119.060059
1998-05-21;1114.640015
1998-05-22;1110.469971
1998-05-26;1094.020020
1998-05-27;1092.229980
1998-05-28;1097.599976
1998-05-29;1090.819946
1998-06-01;1090.979980
1998-06-02;1093.219971
1998-06-03;1082.729980
1998-06-04;1094.829956
1998-06-05;1113.859985
1998-06-08;1115.719971
1998-06-09;1118.410034
1998-06-10;1112.280029
1998-06-11;1094.579956
1998-06-12;1098.839966
1998-06-15;1077.010010
1998-06-16;1087.589966
1998-06-17;1107.109985
1998-06-18;1106.369995
1998-06-19;1100.650024
1998-06-22;1103.209961
1998-06-23;1119.489990
1998-06-24;1132.880005
1998-06-25;1129.280029
1998-06-26;1133.199951
1998-06-29;1138.489990
1998-06-30;1133.839966
1998-07-01;1148.560059
1998-07-02;1146.420044
1998-07-06;1157.329956
1998-07-07;1154.660034
1998-07-08;1166.380005
1998-07-09;1158.560059
1998-07-10;1164.329956
1998-07-13;1165.189941
1998-07-14;1177.579956
1998-07-15;1174.810059
1998-07-16;1183.989990
1998-07-17;1186.750000
1998-07-20;1184.099976
1998-07-21;1165.069946
1998-07-22;1164.079956
1998-07-23;1139.750000
1998-07-24;1140.800049
1998-07-27;1147.270020
1998-07-28;1130.239990
1998-07-29;1125.209961
1998-07-30;1142.949951
1998-07-31;1120.670044
1998-08-03;1112.439941
1998-08-04;1072.119995
1998-08-05;1081.430054
1998-08-06;1089.630005
1998-08-07;1089.449951
1998-08-10;1083.140015
1998-08-11;1068.979980
1998-08-12;1084.219971
1998-08-13;1074.910034
1998-08-14;1062.750000
1998-08-17;1083.670044
1998-08-18;1101.199951
1998-08-19;1098.060059
1998-08-20;1091.599976
1998-08-21;1081.239990
1998-08-24;1088.140015
1998-08-25;1092.849976
1998-08-26;1084.189941
1998-08-27;1042.589966
1998-08-28;1027.140015
1998-08-31;957.280029
1998-09-01;994.260010
1998-09-02;990.479980
1998-09-03;982.260010
1998-09-04;973.890015
1998-09-08;1023.460022
1998-09-09;1006.200012
1998-09-10;980.190002
1998-09-11;1009.059998
1998-09-14;1029.719971
1998-09-15;1037.680054
1998-09-16;1045.479980
1998-09-17;1018.869995
1998-09-18;1020.090027
1998-09-21;1023.890015
1998-09-22;1029.630005
1998-09-23;1066.089966
1998-09-24;1042.719971
1998-09-25;1044.750000
1998-09-28;1048.689941
1998-09-29;1049.020020
1998-09-30;1017.010010
1998-10-01;986.390015
1998-10-02;1002.599976
1998-10-05;988.559998
1998-10-06;984.590027
1998-10-07;970.679993
1998-10-08;959.440002
1998-10-09;984.390015
1998-10-12;997.710022
1998-10-13;994.799988
1998-10-14;1005.530029
1998-10-15;1047.489990
1998-10-16;1056.420044
1998-10-19;1062.390015
1998-10-20;1063.930054
1998-10-21;1069.920044
1998-10-22;1078.479980
1998-10-23;1070.670044
1998-10-26;1072.319946
1998-10-27;1065.339966
1998-10-28;1068.089966
1998-10-29;1085.930054
1998-10-30;1098.670044
1998-11-02;1111.599976
1998-11-03;1110.839966
1998-11-04;1118.670044
1998-11-05;1133.849976
1998-11-06;1141.010010
1998-11-09;1130.199951
1998-11-10;1128.260010
1998-11-11;1120.969971
1998-11-12;1117.689941
1998-11-13;1125.719971
1998-11-16;1135.869995
1998-11-17;1139.319946
1998-11-18;1144.479980
1998-11-19;1152.609985
1998-11-20;1163.550049
1998-11-23;1188.209961
1998-11-24;1182.989990
1998-11-25;1186.869995
1998-11-27;1192.329956
1998-11-30;1163.630005
1998-12-01;1175.280029
1998-12-02;1171.250000
1998-12-03;1150.140015
1998-12-04;1176.739990
1998-12-07;1187.699951
1998-12-08;1181.380005
1998-12-09;1183.489990
1998-12-10;1165.020020
1998-12-11;1166.459961
1998-12-14;1141.199951
1998-12-15;1162.829956
1998-12-16;1161.939941
1998-12-17;1179.979980
1998-12-18;1188.030029
1998-12-21;1202.839966
1998-12-22;1203.569946
1998-12-23;1228.540039
1998-12-24;1226.270020
1998-12-28;1225.489990
1998-12-29;1241.810059
1998-12-30;1231.930054
1998-12-31;1229.229980
1999-01-04;1228.099976
1999-01-05;1244.780029
1999-01-06;1272.339966
1999-01-07;1269.729980
1999-01-08;1275.089966
1999-01-11;1263.880005
1999-01-12;1239.510010
1999-01-13;1234.400024
1999-01-14;1212.189941
1999-01-15;1243.260010
1999-01-19;1252.000000
1999-01-20;1256.619995
1999-01-21;1235.160034
1999-01-22;1225.189941
1999-01-25;1233.979980
1999-01-26;1252.310059
1999-01-27;1243.170044
1999-01-28;1265.369995
1999-01-29;1279.640015
1999-02-01;1273.000000
1999-02-02;1261.989990
1999-02-03;1272.069946
1999-02-04;1248.489990
1999-02-05;1239.400024
1999-02-08;1243.770020
1999-02-09;1216.140015
1999-02-10;1223.550049
1999-02-11;1254.040039
1999-02-12;1230.130005
1999-02-16;1241.869995
1999-02-17;1224.030029
1999-02-18;1237.280029
1999-02-19;1239.219971
1999-02-22;1272.140015
1999-02-23;1271.180054
1999-02-24;1253.410034
1999-02-25;1245.020020
1999-02-26;1238.329956
1999-03-01;1236.160034
1999-03-02;1225.500000
1999-03-03;1227.699951
1999-03-04;1246.640015
1999-03-05;1275.469971
1999-03-08;1282.729980
1999-03-09;1279.839966
1999-03-10;1286.839966
1999-03-11;1297.680054
1999-03-12;1294.589966
1999-03-15;1307.260010
1999-03-16;1306.380005
1999-03-17;1297.819946
1999-03-18;1316.550049
1999-03-19;1299.290039
1999-03-22;1297.010010
1999-03-23;1262.140015
1999-03-24;1268.589966
1999-03-25;1289.989990
1999-03-26;1282.800049
1999-03-29;1310.170044
1999-03-30;1300.750000
1999-03-31;1286.369995
1999-04-01;1293.719971
1999-04-05;1321.119995
1999-04-06;1317.890015
1999-04-07;1326.890015
1999-04-08;1343.979980
1999-04-09;1348.349976
1999-04-12;1358.630005
1999-04-13;1349.819946
1999-04-14;1328.439941
1999-04-15;1322.849976
1999-04-16;1319.000000
1999-04-19;1289.479980
1999-04-20;1306.170044
1999-04-21;1336.119995
1999-04-22;1358.819946
1999-04-23;1356.849976
1999-04-26;1360.040039
1999-04-27;1362.800049
1999-04-28;1350.910034
1999-04-29;1342.829956
1999-04-30;1335.180054
1999-05-03;1354.630005
1999-05-04;1332.000000
1999-05-05;1347.310059
1999-05-06;1332.050049
1999-05-07;1345.000000
1999-05-10;1340.300049
1999-05-11;1355.609985
1999-05-12;1364.000000
1999-05-13;1367.560059
1999-05-14;1337.800049
1999-05-17;1339.489990
1999-05-18;1333.319946
1999-05-19;1344.229980
1999-05-20;1338.829956
1999-05-21;1330.290039
1999-05-24;1306.650024
1999-05-25;1284.400024
1999-05-26;1304.760010
1999-05-27;1281.410034
1999-05-28;1301.839966
1999-06-01;1294.260010
1999-06-02;1294.810059
1999-06-03;1299.540039
1999-06-04;1327.750000
1999-06-07;1334.520020
1999-06-08;1317.329956
1999-06-09;1318.640015
1999-06-10;1302.819946
1999-06-11;1293.640015
1999-06-14;1294.000000
1999-06-15;1301.160034
1999-06-16;1330.410034
1999-06-17;1339.900024
1999-06-18;1342.839966
1999-06-21;1349.000000
1999-06-22;1335.880005
1999-06-23;1333.060059
1999-06-24;1315.780029
1999-06-25;1315.310059
1999-06-28;1331.349976
1999-06-29;1351.449951
1999-06-30;1372.709961
1999-07-01;1380.959961
1999-07-02;1391.219971
1999-07-06;1388.119995
1999-07-07;1395.859985
1999-07-08;1394.420044
1999-07-09;1403.280029
1999-07-12;1399.099976
1999-07-13;1393.560059
1999-07-14;1398.170044
1999-07-15;1409.619995
1999-07-16;1418.780029
1999-07-19;1407.650024
1999-07-20;1377.099976
1999-07-21;1379.290039
1999-07-22;1360.969971
1999-07-23;1356.939941
1999-07-26;1347.760010
1999-07-27;1362.839966
1999-07-28;1365.400024
1999-07-29;1341.030029
1999-07-30;1328.719971
1999-08-02;1328.050049
1999-08-03;1322.180054
1999-08-04;1305.329956
1999-08-05;1313.709961
1999-08-06;1300.290039
1999-08-09;1297.800049
1999-08-10;1281.430054
1999-08-11;1301.930054
1999-08-12;1298.160034
1999-08-13;1327.680054
1999-08-16;1330.770020
1999-08-17;1344.160034
1999-08-18;1332.839966
1999-08-19;1323.589966
1999-08-20;1336.609985
1999-08-23;1360.219971
1999-08-24;1363.500000
1999-08-25;1381.790039
1999-08-26;1362.010010
1999-08-27;1348.270020
1999-08-30;1324.020020
1999-08-31;1320.410034
1999-09-01;1331.069946
1999-09-02;1319.109985
1999-09-03;1357.239990
1999-09-07;1350.449951
1999-09-08;1344.150024
1999-09-09;1347.660034
1999-09-10;1351.660034
1999-09-13;1344.130005
1999-09-14;1336.290039
1999-09-15;1317.969971
1999-09-16;1318.479980
1999-09-17;1335.420044
1999-09-20;1335.530029
1999-09-21;1307.579956
1999-09-22;1310.510010
1999-09-23;1280.410034
1999-09-24;1277.359985
1999-09-27;1283.310059
1999-09-28;1282.199951
1999-09-29;1268.369995
1999-09-30;1282.709961
1999-10-01;1282.810059
1999-10-04;1304.599976
1999-10-05;1301.349976
1999-10-06;1325.400024
1999-10-07;1317.640015
1999-10-08;1336.020020
1999-10-11;1335.209961
1999-10-12;1313.040039
1999-10-13;1285.550049
1999-10-14;1283.420044
1999-10-15;1247.410034
1999-10-18;1254.130005
1999-10-19;1261.319946
1999-10-20;1289.430054
1999-10-21;1283.609985
1999-10-22;1301.650024
1999-10-25;1293.630005
1999-10-26;1281.910034
1999-10-27;1296.709961
1999-10-28;1342.439941
1999-10-29;1362.930054
1999-11-01;1354.119995
1999-11-02;1347.739990
1999-11-03;1354.930054
1999-11-04;1362.640015
1999-11-05;1370.229980
1999-11-08;1377.010010
1999-11-09;1365.280029
1999-11-10;1373.459961
1999-11-11;1381.459961
1999-11-12;1396.060059
1999-11-15;1394.390015
1999-11-16;1420.069946
1999-11-17;1410.709961
1999-11-18;1424.939941
1999-11-19;1422.000000
1999-11-22;1420.939941
1999-11-23;1404.640015
1999-11-24;1417.079956
1999-11-26;1416.619995
1999-11-29;1407.829956
1999-11-30;1388.910034
1999-12-01;1397.719971
1999-12-02;1409.040039
1999-12-03;1433.300049
1999-12-06;1423.329956
1999-12-07;1409.170044
1999-12-08;1403.880005
1999-12-09;1408.109985
1999-12-10;1417.040039
1999-12-13;1415.219971
1999-12-14;1403.170044
1999-12-15;1413.329956
1999-12-16;1418.780029
1999-12-17;1421.030029
1999-12-20;1418.089966
1999-12-21;1433.430054
1999-12-22;1436.130005
1999-12-23;1458.339966
1999-12-27;1457.099976
1999-12-28;1457.660034
1999-12-29;1463.459961
1999-12-30;1464.469971
1999-12-31;1469.250000
2000-01-03;1455.219971
2000-01-04;1399.420044
2000-01-05;1402.109985
2000-01-06;1403.449951
2000-01-07;1441.469971
2000-01-10;1457.599976
2000-01-11;1438.560059
2000-01-12;1432.250000
2000-01-13;1449.680054
2000-01-14;1465.150024
2000-01-18;1455.140015
2000-01-19;1455.900024
2000-01-20;1445.569946
2000-01-21;1441.359985
2000-01-24;1401.530029
2000-01-25;1410.030029
2000-01-26;1404.089966
2000-01-27;1398.560059
2000-01-28;1360.160034
2000-01-31;1394.459961
2000-02-01;1409.280029
2000-02-02;1409.119995
2000-02-03;1424.969971
2000-02-04;1424.369995
2000-02-07;1424.239990
2000-02-08;1441.719971
2000-02-09;1411.709961
2000-02-10;1416.829956
2000-02-11;1387.119995
2000-02-14;1389.939941
2000-02-15;1402.050049
2000-02-16;1387.670044
2000-02-17;1388.260010
2000-02-18;1346.089966
2000-02-22;1352.170044
2000-02-23;1360.689941
2000-02-24;1353.430054
2000-02-25;1333.359985
2000-02-28;1348.050049
2000-02-29;1366.420044
2000-03-01;1379.189941
2000-03-02;1381.760010
2000-03-03;1409.170044
2000-03-06;1391.280029
2000-03-07;1355.619995
2000-03-08;1366.699951
2000-03-09;1401.689941
2000-03-10;1395.069946
2000-03-13;1383.619995
2000-03-14;1359.150024
2000-03-15;1392.140015
2000-03-16;1458.469971
2000-03-17;1464.469971
2000-03-20;1456.630005
2000-03-21;1493.869995
2000-03-22;1500.640015
2000-03-23;1527.349976
2000-03-24;1527.459961
2000-03-27;1523.859985
2000-03-28;1507.729980
2000-03-29;1508.520020
2000-03-30;1487.920044
2000-03-31;1498.579956
2000-04-03;1505.969971
2000-04-04;1494.729980
2000-04-05;1487.369995
2000-04-06;1501.339966
2000-04-07;1516.349976
2000-04-10;1504.459961
2000-04-11;1500.589966
2000-04-12;1467.170044
2000-04-13;1440.510010
2000-04-14;1356.560059
2000-04-17;1401.439941
2000-04-18;1441.609985
2000-04-19;1427.469971
2000-04-20;1434.540039
2000-04-24;1429.859985
2000-04-25;1477.439941
2000-04-26;1460.989990
2000-04-27;1464.920044
2000-04-28;1452.430054
2000-05-01;1468.250000
2000-05-02;1446.290039
2000-05-03;1415.099976
2000-05-04;1409.569946
2000-05-05;1432.630005
2000-05-08;1424.170044
2000-05-09;1412.140015
2000-05-10;1383.050049
2000-05-11;1407.810059
2000-05-12;1420.959961
2000-05-15;1452.359985
2000-05-16;1466.040039
2000-05-17;1447.800049
2000-05-18;1437.209961
2000-05-19;1406.949951
2000-05-22;1400.719971
2000-05-23;1373.859985
2000-05-24;1399.050049
2000-05-25;1381.520020
2000-05-26;1378.020020
2000-05-30;1422.449951
2000-05-31;1420.599976
2000-06-01;1448.810059
2000-06-02;1477.260010
2000-06-05;1467.630005
2000-06-06;1457.839966
2000-06-07;1471.359985
2000-06-08;1461.670044
2000-06-09;1456.949951
2000-06-12;1446.000000
2000-06-13;1469.439941
2000-06-14;1470.540039
2000-06-15;1478.729980
2000-06-16;1464.459961
2000-06-19;1486.000000
2000-06-20;1475.949951
2000-06-21;1479.130005
2000-06-22;1452.180054
2000-06-23;1441.479980
2000-06-26;1455.310059
2000-06-27;1450.550049
2000-06-28;1454.819946
2000-06-29;1442.390015
2000-06-30;1454.599976
2000-07-03;1469.540039
2000-07-05;1446.229980
2000-07-06;1456.670044
2000-07-07;1478.900024
2000-07-10;1475.619995
2000-07-11;1480.880005
2000-07-12;1492.920044
2000-07-13;1495.839966
2000-07-14;1509.979980
2000-07-17;1510.489990
2000-07-18;1493.739990
2000-07-19;1481.959961
2000-07-20;1495.569946
2000-07-21;1480.189941
2000-07-24;1464.290039
2000-07-25;1474.469971
2000-07-26;1452.420044
2000-07-27;1449.619995
2000-07-28;1419.890015
2000-07-31;1430.829956
2000-08-01;1438.099976
2000-08-02;1438.699951
2000-08-03;1452.560059
2000-08-04;1462.930054
2000-08-07;1479.319946
2000-08-08;1482.800049
2000-08-09;1472.869995
2000-08-10;1460.250000
2000-08-11;1471.839966
2000-08-14;1491.560059
2000-08-15;1484.430054
2000-08-16;1479.849976
2000-08-17;1496.069946
2000-08-18;1491.719971
2000-08-21;1499.479980
2000-08-22;1498.130005
2000-08-23;1505.969971
2000-08-24;1508.310059
2000-08-25;1506.449951
2000-08-28;1514.089966
2000-08-29;1509.839966
2000-08-30;1502.589966
2000-08-31;1517.680054
2000-09-01;1520.770020
2000-09-05;1507.079956
2000-09-06;1492.250000
2000-09-07;1502.510010
2000-09-08;1494.500000
2000-09-11;1489.260010
2000-09-12;1481.989990
2000-09-13;1484.910034
2000-09-14;1480.869995
2000-09-15;1465.810059
2000-09-18;1444.510010
2000-09-19;1459.900024
2000-09-20;1451.339966
2000-09-21;1449.050049
2000-09-22;1448.719971
2000-09-25;1439.030029
2000-09-26;1427.209961
2000-09-27;1426.569946
2000-09-28;1458.290039
2000-09-29;1436.510010
2000-10-02;1436.229980
2000-10-03;1426.459961
2000-10-04;1434.319946
2000-10-05;1436.280029
2000-10-06;1408.989990
2000-10-09;1402.030029
2000-10-10;1387.020020
2000-10-11;1364.589966
2000-10-12;1329.780029
2000-10-13;1374.170044
2000-10-16;1374.619995
2000-10-17;1349.969971
2000-10-18;1342.130005
2000-10-19;1388.760010
2000-10-20;1396.930054
2000-10-23;1395.780029
2000-10-24;1398.130005
2000-10-25;1364.900024
2000-10-26;1364.439941
2000-10-27;1379.579956
2000-10-30;1398.660034
2000-10-31;1429.400024
2000-11-01;1421.219971
2000-11-02;1428.319946
2000-11-03;1426.689941
2000-11-06;1432.189941
2000-11-07;1431.869995
2000-11-08;1409.280029
2000-11-09;1400.140015
2000-11-10;1365.979980
2000-11-13;1351.260010
2000-11-14;1382.949951
2000-11-15;1389.810059
2000-11-16;1372.319946
2000-11-17;1367.719971
2000-11-20;1342.619995
2000-11-21;1347.349976
2000-11-22;1322.359985
2000-11-24;1341.770020
2000-11-27;1348.969971
2000-11-28;1336.089966
2000-11-29;1341.930054
2000-11-30;1314.949951
2000-12-01;1315.229980
2000-12-04;1324.969971
2000-12-05;1376.540039
2000-12-06;1351.459961
2000-12-07;1343.550049
2000-12-08;1369.890015
2000-12-11;1380.199951
2000-12-12;1371.180054
2000-12-13;1359.989990
2000-12-14;1340.930054
2000-12-15;1312.150024
2000-12-18;1322.739990
2000-12-19;1305.599976
2000-12-20;1264.739990
2000-12-21;1274.859985
2000-12-22;1305.949951
2000-12-26;1315.189941
2000-12-27;1328.920044
2000-12-28;1334.219971
2000-12-29;1320.280029
2001-01-02;1283.270020
2001-01-03;1347.560059
2001-01-04;1333.339966
2001-01-05;1298.349976
2001-01-08;1295.859985
2001-01-09;1300.800049
2001-01-10;1313.270020
2001-01-11;1326.819946
2001-01-12;1318.550049
2001-01-16;1326.650024
2001-01-17;1329.469971
2001-01-18;1347.969971
2001-01-19;1342.540039
2001-01-22;1342.900024
2001-01-23;1360.400024
2001-01-24;1364.300049
2001-01-25;1357.510010
2001-01-26;1354.949951
2001-01-29;1364.170044
2001-01-30;1373.729980
2001-01-31;1366.010010
2001-02-01;1373.469971
2001-02-02;1349.469971
2001-02-05;1354.310059
2001-02-06;1352.260010
2001-02-07;1340.890015
2001-02-08;1332.530029
2001-02-09;1314.760010
2001-02-12;1330.310059
2001-02-13;1318.800049
2001-02-14;1315.920044
2001-02-15;1326.609985
2001-02-16;1301.530029
2001-02-20;1278.939941
2001-02-21;1255.270020
2001-02-22;1252.819946
2001-02-23;1245.859985
2001-02-26;1267.650024
2001-02-27;1257.939941
2001-02-28;1239.939941
2001-03-01;1241.229980
2001-03-02;1234.180054
2001-03-05;1241.410034
2001-03-06;1253.800049
2001-03-07;1261.890015
2001-03-08;1264.739990
2001-03-09;1233.420044
2001-03-12;1180.160034
2001-03-13;1197.660034
2001-03-14;1166.709961
2001-03-15;1173.560059
2001-03-16;1150.530029
2001-03-19;1170.810059
2001-03-20;1142.619995
2001-03-21;1122.140015
2001-03-22;1117.579956
2001-03-23;1139.829956
2001-03-26;1152.689941
2001-03-27;1182.170044
2001-03-28;1153.290039
2001-03-29;1147.949951
2001-03-30;1160.329956
2001-04-02;1145.869995
2001-04-03;1106.459961
2001-04-04;1103.250000
2001-04-05;1151.439941
2001-04-06;1128.430054
2001-04-09;1137.589966
2001-04-10;1168.380005
2001-04-11;1165.890015
2001-04-12;1183.500000
2001-04-16;1179.680054
2001-04-17;1191.810059
2001-04-18;1238.160034
2001-04-19;1253.689941
2001-04-20;1242.979980
2001-04-23;1224.359985
2001-04-24;1209.469971
2001-04-25;1228.750000
2001-04-26;1234.520020
2001-04-27;1253.050049
2001-04-30;1249.459961
2001-05-01;1266.439941
2001-05-02;1267.430054
2001-05-03;1248.579956
2001-05-04;1266.609985
2001-05-07;1263.510010
2001-05-08;1261.199951
2001-05-09;1255.540039
2001-05-10;1255.180054
2001-05-11;1245.670044
2001-05-14;1248.920044
2001-05-15;1249.439941
2001-05-16;1284.989990
2001-05-17;1288.489990
2001-05-18;1291.959961
2001-05-21;1312.829956
2001-05-22;1309.380005
2001-05-23;1289.050049
2001-05-24;1293.170044
2001-05-25;1277.890015
2001-05-29;1267.930054
2001-05-30;1248.079956
2001-05-31;1255.819946
2001-06-01;1260.670044
2001-06-04;1267.109985
2001-06-05;1283.569946
2001-06-06;1270.030029
2001-06-07;1276.959961
2001-06-08;1264.959961
2001-06-11;1254.390015
2001-06-12;1255.849976
2001-06-13;1241.599976
2001-06-14;1219.869995
2001-06-15;1214.359985
2001-06-18;1208.430054
2001-06-19;1212.579956
2001-06-20;1223.140015
2001-06-21;1237.040039
2001-06-22;1225.349976
2001-06-25;1218.599976
2001-06-26;1216.760010
2001-06-27;1211.069946
2001-06-28;1226.199951
2001-06-29;1224.380005
2001-07-02;1236.719971
2001-07-03;1234.449951
2001-07-05;1219.239990
2001-07-06;1190.589966
2001-07-09;1198.780029
2001-07-10;1181.520020
2001-07-11;1180.180054
2001-07-12;1208.140015
2001-07-13;1215.680054
2001-07-16;1202.449951
2001-07-17;1214.439941
2001-07-18;1207.709961
2001-07-19;1215.020020
2001-07-20;1210.849976
2001-07-23;1191.030029
2001-07-24;1171.650024
2001-07-25;1190.489990
2001-07-26;1202.930054
2001-07-27;1205.819946
2001-07-30;1204.520020
2001-07-31;1211.229980
2001-08-01;1215.930054
2001-08-02;1220.750000
2001-08-03;1214.349976
2001-08-06;1200.479980
2001-08-07;1204.400024
2001-08-08;1183.530029
2001-08-09;1183.430054
2001-08-10;1190.160034
2001-08-13;1191.290039
2001-08-14;1186.729980
2001-08-15;1178.020020
2001-08-16;1181.660034
2001-08-17;1161.969971
2001-08-20;1171.410034
2001-08-21;1157.260010
2001-08-22;1165.310059
2001-08-23;1162.089966
2001-08-24;1184.930054
2001-08-27;1179.209961
2001-08-28;1161.510010
2001-08-29;1148.560059
2001-08-30;1129.030029
2001-08-31;1133.579956
2001-09-04;1132.939941
2001-09-05;1131.739990
2001-09-06;1106.400024
2001-09-07;1085.780029
2001-09-10;1092.540039
2001-09-17;1038.770020
2001-09-18;1032.739990
2001-09-19;1016.099976
2001-09-20;984.539978
2001-09-21;965.799988
2001-09-24;1003.450012
2001-09-25;1012.270020
2001-09-26;1007.039978
2001-09-27;1018.609985
2001-09-28;1040.939941
2001-10-01;1038.550049
2001-10-02;1051.329956
2001-10-03;1072.280029
2001-10-04;1069.630005
2001-10-05;1071.380005
2001-10-08;1062.439941
2001-10-09;1056.750000
2001-10-10;1080.989990
2001-10-11;1097.430054
2001-10-12;1091.650024
2001-10-15;1089.979980
2001-10-16;1097.540039
2001-10-17;1077.089966
2001-10-18;1068.609985
2001-10-19;1073.479980
2001-10-22;1089.900024
2001-10-23;1084.780029
2001-10-24;1085.199951
2001-10-25;1100.089966
2001-10-26;1104.609985
2001-10-29;1078.300049
2001-10-30;1059.790039
2001-10-31;1059.780029
2001-11-01;1084.099976
2001-11-02;1087.199951
2001-11-05;1102.839966
2001-11-06;1118.859985
2001-11-07;1115.800049
2001-11-08;1118.540039
2001-11-09;1120.310059
2001-11-12;1118.329956
2001-11-13;1139.089966
2001-11-14;1141.209961
2001-11-15;1142.239990
2001-11-16;1138.650024
2001-11-19;1151.060059
2001-11-20;1142.660034
2001-11-21;1137.030029
2001-11-23;1150.339966
2001-11-26;1157.420044
2001-11-27;1149.500000
2001-11-28;1128.520020
2001-11-29;1140.199951
2001-11-30;1139.449951
2001-12-03;1129.900024
2001-12-04;1144.800049
2001-12-05;1170.349976
2001-12-06;1167.099976
2001-12-07;1158.310059
2001-12-10;1139.930054
2001-12-11;1136.760010
2001-12-12;1137.069946
2001-12-13;1119.380005
2001-12-14;1123.089966
2001-12-17;1134.359985
2001-12-18;1142.920044
2001-12-19;1149.560059
2001-12-20;1139.930054
2001-12-21;1144.890015
2001-12-24;1144.650024
2001-12-26;1149.369995
2001-12-27;1157.130005
2001-12-28;1161.020020
2001-12-31;1148.079956
2002-01-02;1154.670044
2002-01-03;1165.270020
2002-01-04;1172.510010
2002-01-07;1164.890015
2002-01-08;1160.709961
2002-01-09;1155.140015
2002-01-10;1156.550049
2002-01-11;1145.599976
2002-01-14;1138.410034
2002-01-15;1146.189941
2002-01-16;1127.569946
2002-01-17;1138.880005
2002-01-18;1127.579956
2002-01-22;1119.310059
2002-01-23;1128.180054
2002-01-24;1132.150024
2002-01-25;1133.280029
2002-01-28;1133.060059
2002-01-29;1100.640015
2002-01-30;1113.569946
2002-01-31;1130.199951
2002-02-01;1122.199951
2002-02-04;1094.439941
2002-02-05;1090.020020
2002-02-06;1083.510010
2002-02-07;1080.170044
2002-02-08;1096.219971
2002-02-11;1111.939941
2002-02-12;1107.500000
2002-02-13;1118.510010
2002-02-14;1116.479980
2002-02-15;1104.180054
2002-02-19;1083.339966
2002-02-20;1097.979980
2002-02-21;1080.949951
2002-02-22;1089.839966
2002-02-25;1109.430054
2002-02-26;1109.380005
2002-02-27;1109.890015
2002-02-28;1106.729980
2002-03-01;1131.780029
2002-03-04;1153.839966
2002-03-05;1146.140015
2002-03-06;1162.770020
2002-03-07;1157.540039
2002-03-08;1164.310059
2002-03-11;1168.260010
2002-03-12;1165.579956
2002-03-13;1154.089966
2002-03-14;1153.040039
2002-03-15;1166.160034
2002-03-18;1165.550049
2002-03-19;1170.290039
2002-03-20;1151.849976
2002-03-21;1153.589966
2002-03-22;1148.699951
2002-03-25;1131.869995
2002-03-26;1138.489990
2002-03-27;1144.579956
2002-03-28;1147.390015
2002-04-01;1146.540039
2002-04-02;1136.760010
2002-04-03;1125.400024
2002-04-04;1126.339966
2002-04-05;1122.729980
2002-04-08;1125.290039
2002-04-09;1117.800049
2002-04-10;1130.469971
2002-04-11;1103.689941
2002-04-12;1111.010010
2002-04-15;1102.550049
2002-04-16;1128.369995
2002-04-17;1126.069946
2002-04-18;1124.469971
2002-04-19;1125.170044
2002-04-22;1107.829956
2002-04-23;1100.959961
2002-04-24;1093.140015
2002-04-25;1091.479980
2002-04-26;1076.319946
2002-04-29;1065.449951
2002-04-30;1076.920044
2002-05-01;1086.459961
2002-05-02;1084.560059
2002-05-03;1073.430054
2002-05-06;1052.670044
2002-05-07;1049.489990
2002-05-08;1088.849976
2002-05-09;1073.010010
2002-05-10;1054.989990
2002-05-13;1074.560059
2002-05-14;1097.280029
2002-05-15;1091.069946
2002-05-16;1098.229980
2002-05-17;1106.589966
2002-05-20;1091.880005
2002-05-21;1079.880005
2002-05-22;1086.020020
2002-05-23;1097.079956
2002-05-24;1083.819946
2002-05-28;1074.550049
2002-05-29;1067.660034
2002-05-30;1064.660034
2002-05-31;1067.140015
2002-06-03;1040.680054
2002-06-04;1040.689941
2002-06-05;1049.900024
2002-06-06;1029.150024
2002-06-07;1027.530029
2002-06-10;1030.739990
2002-06-11;1013.599976
2002-06-12;1020.260010
2002-06-13;1009.559998
2002-06-14;1007.270020
2002-06-17;1036.170044
2002-06-18;1037.140015
2002-06-19;1019.989990
2002-06-20;1006.289978
2002-06-21;989.140015
2002-06-24;992.719971
2002-06-25;976.140015
2002-06-26;973.530029
2002-06-27;990.640015
2002-06-28;989.820007
2002-07-01;968.650024
2002-07-02;948.090027
2002-07-03;953.989990
2002-07-05;989.030029
2002-07-08;976.979980
2002-07-09;952.830017
2002-07-10;920.469971
2002-07-11;927.369995
2002-07-12;921.390015
2002-07-15;917.929993
2002-07-16;900.940002
2002-07-17;906.039978
2002-07-18;881.559998
2002-07-19;847.750000
2002-07-22;819.849976
2002-07-23;797.700012
2002-07-24;843.429993
2002-07-25;838.679993
2002-07-26;852.840027
2002-07-29;898.960022
2002-07-30;902.780029
2002-07-31;911.619995
2002-08-01;884.659973
2002-08-02;864.239990
2002-08-05;834.599976
2002-08-06;859.570007
2002-08-07;876.770020
2002-08-08;905.460022
2002-08-09;908.640015
2002-08-12;903.799988
2002-08-13;884.210022
2002-08-14;919.619995
2002-08-15;930.250000
2002-08-16;928.770020
2002-08-19;950.700012
2002-08-20;937.429993
2002-08-21;949.359985
2002-08-22;962.700012
2002-08-23;940.859985
2002-08-26;947.950012
2002-08-27;934.820007
2002-08-28;917.869995
2002-08-29;917.799988
2002-08-30;916.070007
2002-09-03;878.020020
2002-09-04;893.400024
2002-09-05;879.150024
2002-09-06;893.919983
2002-09-09;902.960022
2002-09-10;909.580017
2002-09-11;909.450012
2002-09-12;886.909973
2002-09-13;889.809998
2002-09-16;891.099976
2002-09-17;873.520020
2002-09-18;869.460022
2002-09-19;843.320007
2002-09-20;845.390015
2002-09-23;833.700012
2002-09-24;819.289978
2002-09-25;839.659973
2002-09-26;854.950012
2002-09-27;827.369995
2002-09-30;815.280029
2002-10-01;847.909973
2002-10-02;827.909973
2002-10-03;818.950012
2002-10-04;800.580017
2002-10-07;785.280029
2002-10-08;798.549988
2002-10-09;776.760010
2002-10-10;803.919983
2002-10-11;835.320007
2002-10-14;841.440002
2002-10-15;881.270020
2002-10-16;860.020020
2002-10-17;879.200012
2002-10-18;884.390015
2002-10-21;899.719971
2002-10-22;890.159973
2002-10-23;896.140015
2002-10-24;882.500000
2002-10-25;897.650024
2002-10-28;890.229980
2002-10-29;882.150024
2002-10-30;890.710022
2002-10-31;885.760010
2002-11-01;900.960022
2002-11-04;908.349976
2002-11-05;915.390015
2002-11-06;923.760010
2002-11-07;902.650024
2002-11-08;894.739990
2002-11-11;876.190002
2002-11-12;882.950012
2002-11-13;882.530029
2002-11-14;904.270020
2002-11-15;909.830017
2002-11-18;900.359985
2002-11-19;896.739990
2002-11-20;914.150024
2002-11-21;933.760010
2002-11-22;930.549988
2002-11-25;932.869995
2002-11-26;913.309998
2002-11-27;938.869995
2002-11-29;936.309998
2002-12-02;934.530029
2002-12-03;920.750000
2002-12-04;917.580017
2002-12-05;906.549988
2002-12-06;912.229980
2002-12-09;892.000000
2002-12-10;904.450012
2002-12-11;904.960022
2002-12-12;901.580017
2002-12-13;889.479980
2002-12-16;910.400024
2002-12-17;902.989990
2002-12-18;891.119995
2002-12-19;884.250000
2002-12-20;895.760010
2002-12-23;897.380005
2002-12-24;892.469971
2002-12-26;889.659973
2002-12-27;875.400024
2002-12-30;879.390015
2002-12-31;879.820007
2003-01-02;909.030029
2003-01-03;908.590027
2003-01-06;929.010010
2003-01-07;922.929993
2003-01-08;909.929993
2003-01-09;927.570007
2003-01-10;927.570007
2003-01-13;926.260010
2003-01-14;931.659973
2003-01-15;918.219971
2003-01-16;914.599976
2003-01-17;901.780029
2003-01-21;887.619995
2003-01-22;878.359985
2003-01-23;887.340027
2003-01-24;861.400024
2003-01-27;847.479980
2003-01-28;858.539978
2003-01-29;864.359985
2003-01-30;844.609985
2003-01-31;855.700012
2003-02-03;860.320007
2003-02-04;848.200012
2003-02-05;843.590027
2003-02-06;838.150024
2003-02-07;829.690002
2003-02-10;835.969971
2003-02-11;829.200012
2003-02-12;818.679993
2003-02-13;817.369995
2003-02-14;834.890015
2003-02-18;851.169983
2003-02-19;845.130005
2003-02-20;837.099976
2003-02-21;848.169983
2003-02-24;832.580017
2003-02-25;838.570007
2003-02-26;827.549988
2003-02-27;837.280029
2003-02-28;841.150024
2003-03-03;834.809998
2003-03-04;821.989990
2003-03-05;829.849976
2003-03-06;822.099976
2003-03-07;828.890015
2003-03-10;807.479980
2003-03-11;800.729980
2003-03-12;804.190002
2003-03-13;831.900024
2003-03-14;833.270020
2003-03-17;862.789978
2003-03-18;866.450012
2003-03-19;874.020020
2003-03-20;875.669983
2003-03-21;895.789978
2003-03-24;864.229980
2003-03-25;874.739990
2003-03-26;869.950012
2003-03-27;868.520020
2003-03-28;863.500000
2003-03-31;848.179993
2003-04-01;858.479980
2003-04-02;880.900024
2003-04-03;876.450012
2003-04-04;878.849976
2003-04-07;879.929993
2003-04-08;878.289978
2003-04-09;865.989990
2003-04-10;871.580017
2003-04-11;868.299988
2003-04-14;885.229980
2003-04-15;890.809998
2003-04-16;879.909973
2003-04-17;893.580017
2003-04-21;892.010010
2003-04-22;911.369995
2003-04-23;919.020020
2003-04-24;911.429993
2003-04-25;898.809998
2003-04-28;914.840027
2003-04-29;917.840027
2003-04-30;916.919983
2003-05-01;916.299988
2003-05-02;930.080017
2003-05-05;926.549988
2003-05-06;934.390015
2003-05-07;929.619995
2003-05-08;920.270020
2003-05-09;933.409973
2003-05-12;945.109985
2003-05-13;942.299988
2003-05-14;939.280029
2003-05-15;946.669983
2003-05-16;944.299988
2003-05-19;920.770020
2003-05-20;919.729980
2003-05-21;923.419983
2003-05-22;931.869995
2003-05-23;933.219971
2003-05-27;951.479980
2003-05-28;953.219971
2003-05-29;949.640015
2003-05-30;963.590027
2003-06-02;967.000000
2003-06-03;971.559998
2003-06-04;986.239990
2003-06-05;990.140015
2003-06-06;987.760010
2003-06-09;975.929993
2003-06-10;984.840027
2003-06-11;997.479980
2003-06-12;998.510010
2003-06-13;988.609985
2003-06-16;1010.739990
2003-06-17;1011.659973
2003-06-18;1010.090027
2003-06-19;994.700012
2003-06-20;995.690002
2003-06-23;981.640015
2003-06-24;983.450012
2003-06-25;975.320007
2003-06-26;985.820007
2003-06-27;976.219971
2003-06-30;974.500000
2003-07-01;982.320007
2003-07-02;993.750000
2003-07-03;985.700012
2003-07-07;1004.419983
2003-07-08;1007.840027
2003-07-09;1002.210022
2003-07-10;988.700012
2003-07-11;998.140015
2003-07-14;1003.859985
2003-07-15;1000.419983
2003-07-16;994.090027
2003-07-17;981.729980
2003-07-18;993.320007
2003-07-21;978.799988
2003-07-22;988.109985
2003-07-23;988.609985
2003-07-24;981.599976
2003-07-25;998.679993
2003-07-28;996.520020
2003-07-29;989.280029
2003-07-30;987.489990
2003-07-31;990.309998
2003-08-01;980.150024
2003-08-04;982.820007
2003-08-05;965.460022
2003-08-06;967.080017
2003-08-07;974.119995
2003-08-08;977.590027
2003-08-11;980.590027
2003-08-12;990.349976
2003-08-13;984.030029
2003-08-14;990.510010
2003-08-15;990.669983
2003-08-18;999.739990
2003-08-19;1002.349976
2003-08-20;1000.299988
2003-08-21;1003.270020
2003-08-22;993.059998
2003-08-25;993.710022
2003-08-26;996.729980
2003-08-27;996.789978
2003-08-28;1002.840027
2003-08-29;1008.010010
2003-09-02;1021.989990
2003-09-03;1026.270020
2003-09-04;1027.969971
2003-09-05;1021.390015
2003-09-08;1031.640015
2003-09-09;1023.169983
2003-09-10;1010.919983
2003-09-11;1016.419983
2003-09-12;1018.630005
2003-09-15;1014.809998
2003-09-16;1029.319946
2003-09-17;1025.969971
2003-09-18;1039.579956
2003-09-19;1036.300049
2003-09-22;1022.820007
2003-09-23;1029.030029
2003-09-24;1009.380005
2003-09-25;1003.270020
2003-09-26;996.849976
2003-09-29;1006.580017
2003-09-30;995.969971
2003-10-01;1018.219971
2003-10-02;1020.239990
2003-10-03;1029.849976
2003-10-06;1034.349976
2003-10-07;1039.250000
2003-10-08;1033.780029
2003-10-09;1038.729980
2003-10-10;1038.060059
2003-10-13;1045.349976
2003-10-14;1049.479980
2003-10-15;1046.760010
2003-10-16;1050.069946
2003-10-17;1039.319946
2003-10-20;1044.680054
2003-10-21;1046.030029
2003-10-22;1030.359985
2003-10-23;1033.770020
2003-10-24;1028.910034
2003-10-27;1031.130005
2003-10-28;1046.790039
2003-10-29;1048.109985
2003-10-30;1046.939941
2003-10-31;1050.709961
2003-11-03;1059.020020
2003-11-04;1053.250000
2003-11-05;1051.810059
2003-11-06;1058.050049
2003-11-07;1053.209961
2003-11-10;1047.109985
2003-11-11;1046.569946
2003-11-12;1058.530029
2003-11-13;1058.410034
2003-11-14;1050.349976
2003-11-17;1043.630005
2003-11-18;1034.150024
2003-11-19;1042.439941
2003-11-20;1033.650024
2003-11-21;1035.280029
2003-11-24;1052.079956
2003-11-25;1053.890015
2003-11-26;1058.449951
2003-11-28;1058.199951
2003-12-01;1070.119995
2003-12-02;1066.619995
2003-12-03;1064.729980
2003-12-04;1069.719971
2003-12-05;1061.500000
2003-12-08;1069.300049
2003-12-09;1060.180054
2003-12-10;1059.050049
2003-12-11;1071.209961
2003-12-12;1074.140015
2003-12-15;1068.040039
2003-12-16;1075.130005
2003-12-17;1076.479980
2003-12-18;1089.180054
2003-12-19;1088.660034
2003-12-22;1092.939941
2003-12-23;1096.020020
2003-12-24;1094.040039
2003-12-26;1095.890015
2003-12-29;1109.479980
2003-12-30;1109.640015
2003-12-31;1111.920044
2004-01-02;1108.479980
2004-01-05;1122.219971
2004-01-06;1123.670044
2004-01-07;1126.329956
2004-01-08;1131.920044
2004-01-09;1121.859985
2004-01-12;1127.229980
2004-01-13;1121.219971
2004-01-14;1130.520020
2004-01-15;1132.050049
2004-01-16;1139.829956
2004-01-20;1138.770020
2004-01-21;1147.619995
2004-01-22;1143.939941
2004-01-23;1141.550049
2004-01-26;1155.369995
2004-01-27;1144.050049
2004-01-28;1128.479980
2004-01-29;1134.109985
2004-01-30;1131.130005
2004-02-02;1135.260010
2004-02-03;1136.030029
2004-02-04;1126.520020
2004-02-05;1128.589966
2004-02-06;1142.760010
2004-02-09;1139.810059
2004-02-10;1145.540039
2004-02-11;1157.760010
2004-02-12;1152.109985
2004-02-13;1145.810059
2004-02-17;1156.989990
2004-02-18;1151.819946
2004-02-19;1147.060059
2004-02-20;1144.109985
2004-02-23;1140.989990
2004-02-24;1139.089966
2004-02-25;1143.670044
2004-02-26;1144.910034
2004-02-27;1144.939941
2004-03-01;1155.969971
2004-03-02;1149.099976
2004-03-03;1151.030029
2004-03-04;1154.869995
2004-03-05;1156.859985
2004-03-08;1147.199951
2004-03-09;1140.579956
2004-03-10;1123.890015
2004-03-11;1106.780029
2004-03-12;1120.569946
2004-03-15;1104.489990
2004-03-16;1110.699951
2004-03-17;1123.750000
2004-03-18;1122.319946
2004-03-19;1109.780029
2004-03-22;1095.400024
2004-03-23;1093.949951
2004-03-24;1091.329956
2004-03-25;1109.189941
2004-03-26;1108.060059
2004-03-29;1122.469971
2004-03-30;1127.000000
2004-03-31;1126.209961
2004-04-01;1132.170044
2004-04-02;1141.810059
2004-04-05;1150.569946
2004-04-06;1148.160034
2004-04-07;1140.530029
2004-04-08;1139.319946
2004-04-12;1145.199951
2004-04-13;1129.439941
2004-04-14;1128.170044
2004-04-15;1128.839966
2004-04-16;1134.609985
2004-04-19;1135.819946
2004-04-20;1118.150024
2004-04-21;1124.089966
2004-04-22;1139.930054
2004-04-23;1140.599976
2004-04-26;1135.530029
2004-04-27;1138.109985
2004-04-28;1122.410034
2004-04-29;1113.890015
2004-04-30;1107.300049
2004-05-03;1117.489990
2004-05-04;1119.550049
2004-05-05;1121.530029
2004-05-06;1113.989990
2004-05-07;1098.699951
2004-05-10;1087.119995
2004-05-11;1095.449951
2004-05-12;1097.280029
2004-05-13;1096.439941
2004-05-14;1095.699951
2004-05-17;1084.099976
2004-05-18;1091.489990
2004-05-19;1088.680054
2004-05-20;1089.189941
2004-05-21;1093.560059
2004-05-24;1095.410034
2004-05-25;1113.050049
2004-05-26;1114.939941
2004-05-27;1121.280029
2004-05-28;1120.680054
2004-06-01;1121.199951
2004-06-02;1124.989990
2004-06-03;1116.640015
2004-06-04;1122.500000
2004-06-07;1140.420044
2004-06-08;1142.180054
2004-06-09;1131.329956
2004-06-10;1136.469971
2004-06-14;1125.290039
2004-06-15;1132.010010
2004-06-16;1133.560059
2004-06-17;1132.050049
2004-06-18;1135.020020
2004-06-21;1130.300049
2004-06-22;1134.410034
2004-06-23;1144.060059
2004-06-24;1140.650024
2004-06-25;1134.430054
2004-06-28;1133.349976
2004-06-29;1136.199951
2004-06-30;1140.839966
2004-07-01;1128.939941
2004-07-02;1125.380005
2004-07-06;1116.209961
2004-07-07;1118.329956
2004-07-08;1109.109985
2004-07-09;1112.810059
2004-07-12;1114.349976
2004-07-13;1115.140015
2004-07-14;1111.469971
2004-07-15;1106.689941
2004-07-16;1101.390015
2004-07-19;1100.900024
2004-07-20;1108.670044
2004-07-21;1093.880005
2004-07-22;1096.839966
2004-07-23;1086.199951
2004-07-26;1084.069946
2004-07-27;1094.829956
2004-07-28;1095.420044
2004-07-29;1100.430054
2004-07-30;1101.719971
2004-08-02;1106.619995
2004-08-03;1099.689941
2004-08-04;1098.630005
2004-08-05;1080.699951
2004-08-06;1063.969971
2004-08-09;1065.219971
2004-08-10;1079.040039
2004-08-11;1075.790039
2004-08-12;1063.229980
2004-08-13;1064.800049
2004-08-16;1079.339966
2004-08-17;1081.709961
2004-08-18;1095.170044
2004-08-19;1091.229980
2004-08-20;1098.349976
2004-08-23;1095.680054
2004-08-24;1096.189941
2004-08-25;1104.959961
2004-08-26;1105.089966
2004-08-27;1107.770020
2004-08-30;1099.150024
2004-08-31;1104.239990
2004-09-01;1105.910034
2004-09-02;1118.310059
2004-09-03;1113.630005
2004-09-07;1121.300049
2004-09-08;1116.270020
2004-09-09;1118.380005
2004-09-10;1123.920044
2004-09-13;1125.819946
2004-09-14;1128.329956
2004-09-15;1120.369995
2004-09-16;1123.500000
2004-09-17;1128.550049
2004-09-20;1122.199951
2004-09-21;1129.300049
2004-09-22;1113.560059
2004-09-23;1108.359985
2004-09-24;1110.109985
2004-09-27;1103.520020
2004-09-28;1110.060059
2004-09-29;1114.800049
2004-09-30;1114.579956
2004-10-01;1131.500000
2004-10-04;1135.170044
2004-10-05;1134.479980
2004-10-06;1142.050049
2004-10-07;1130.650024
2004-10-08;1122.140015
2004-10-11;1124.390015
2004-10-12;1121.839966
2004-10-13;1113.650024
2004-10-14;1103.290039
2004-10-15;1108.199951
2004-10-18;1114.020020
2004-10-19;1103.229980
2004-10-20;1103.660034
2004-10-21;1106.489990
2004-10-22;1095.739990
2004-10-25;1094.800049
2004-10-26;1111.089966
2004-10-27;1125.400024
2004-10-28;1127.439941
2004-10-29;1130.199951
2004-11-01;1130.510010
2004-11-02;1130.560059
2004-11-03;1143.199951
2004-11-04;1161.670044
2004-11-05;1166.170044
2004-11-08;1164.890015
2004-11-09;1164.079956
2004-11-10;1162.910034
2004-11-11;1173.479980
2004-11-12;1184.170044
2004-11-15;1183.810059
2004-11-16;1175.430054
2004-11-17;1181.939941
2004-11-18;1183.550049
2004-11-19;1170.339966
2004-11-22;1177.239990
2004-11-23;1176.939941
2004-11-24;1181.760010
2004-11-26;1182.650024
2004-11-29;1178.569946
2004-11-30;1173.819946
2004-12-01;1191.369995
2004-12-02;1190.329956
2004-12-03;1191.170044
2004-12-06;1190.250000
2004-12-07;1177.069946
2004-12-08;1182.810059
2004-12-09;1189.239990
2004-12-10;1188.000000
2004-12-13;1198.680054
2004-12-14;1203.380005
2004-12-15;1205.719971
2004-12-16;1203.209961
2004-12-17;1194.199951
2004-12-20;1194.650024
2004-12-21;1205.449951
2004-12-22;1209.569946
2004-12-23;1210.130005
2004-12-27;1204.920044
2004-12-28;1213.540039
2004-12-29;1213.449951
2004-12-30;1213.550049
2004-12-31;1211.920044
2005-01-03;1202.079956
2005-01-04;1188.050049
2005-01-05;1183.739990
2005-01-06;1187.890015
2005-01-07;1186.189941
2005-01-10;1190.250000
2005-01-11;1182.989990
2005-01-12;1187.699951
2005-01-13;1177.449951
2005-01-14;1184.520020
2005-01-18;1195.979980
2005-01-19;1184.630005
2005-01-20;1175.410034
2005-01-21;1167.869995
2005-01-24;1163.750000
2005-01-25;1168.410034
2005-01-26;1174.069946
2005-01-27;1174.550049
2005-01-28;1171.359985
2005-01-31;1181.270020
2005-02-01;1189.410034
2005-02-02;1193.189941
2005-02-03;1189.890015
2005-02-04;1203.030029
2005-02-07;1201.719971
2005-02-08;1202.300049
2005-02-09;1191.989990
2005-02-10;1197.010010
2005-02-11;1205.300049
2005-02-14;1206.140015
2005-02-15;1210.119995
2005-02-16;1210.339966
2005-02-17;1200.750000
2005-02-18;1201.589966
2005-02-22;1184.160034
2005-02-23;1190.800049
2005-02-24;1200.199951
2005-02-25;1211.369995
2005-02-28;1203.599976
2005-03-01;1210.410034
2005-03-02;1210.079956
2005-03-03;1210.469971
2005-03-04;1222.119995
2005-03-07;1225.310059
2005-03-08;1219.430054
2005-03-09;1207.010010
2005-03-10;1209.250000
2005-03-11;1200.079956
2005-03-14;1206.829956
2005-03-15;1197.750000
2005-03-16;1188.069946
2005-03-17;1190.209961
2005-03-18;1189.650024
2005-03-21;1183.780029
2005-03-22;1171.709961
2005-03-23;1172.530029
2005-03-24;1171.420044
2005-03-28;1174.280029
2005-03-29;1165.359985
2005-03-30;1181.410034
2005-03-31;1180.589966
2005-04-01;1172.920044
2005-04-04;1176.119995
2005-04-05;1181.390015
2005-04-06;1184.069946
2005-04-07;1191.140015
2005-04-08;1181.199951
2005-04-11;1181.209961
2005-04-12;1187.760010
2005-04-13;1173.790039
2005-04-14;1162.050049
2005-04-15;1142.619995
2005-04-18;1145.979980
2005-04-19;1152.780029
2005-04-20;1137.500000
2005-04-21;1159.949951
2005-04-22;1152.119995
2005-04-25;1162.099976
2005-04-26;1151.829956
2005-04-27;1156.380005
2005-04-28;1143.219971
2005-04-29;1156.849976
2005-05-02;1162.160034
2005-05-03;1161.170044
2005-05-04;1175.650024
2005-05-05;1172.630005
2005-05-06;1171.349976
2005-05-09;1178.839966
2005-05-10;1166.219971
2005-05-11;1171.109985
2005-05-12;1159.359985
2005-05-13;1154.050049
2005-05-16;1165.689941
2005-05-17;1173.800049
2005-05-18;1185.560059
2005-05-19;1191.079956
2005-05-20;1189.280029
2005-05-23;1193.859985
2005-05-24;1194.069946
2005-05-25;1190.010010
2005-05-26;1197.619995
2005-05-27;1198.780029
2005-05-31;1191.500000
2005-06-01;1202.219971
2005-06-02;1204.290039
2005-06-03;1196.020020
2005-06-06;1197.510010
2005-06-07;1197.260010
2005-06-08;1194.670044
2005-06-09;1200.930054
2005-06-10;1198.109985
2005-06-13;1200.819946
2005-06-14;1203.910034
2005-06-15;1206.579956
2005-06-16;1210.959961
2005-06-17;1216.959961
2005-06-20;1216.099976
2005-06-21;1213.609985
2005-06-22;1213.880005
2005-06-23;1200.729980
2005-06-24;1191.569946
2005-06-27;1190.689941
2005-06-28;1201.569946
2005-06-29;1199.849976
2005-06-30;1191.329956
2005-07-01;1194.439941
2005-07-05;1204.989990
2005-07-06;1194.939941
2005-07-07;1197.869995
2005-07-08;1211.859985
2005-07-11;1219.439941
2005-07-12;1222.209961
2005-07-13;1223.290039
2005-07-14;1226.500000
2005-07-15;1227.920044
2005-07-18;1221.130005
2005-07-19;1229.349976
2005-07-20;1235.199951
2005-07-21;1227.040039
2005-07-22;1233.680054
2005-07-25;1229.030029
2005-07-26;1231.160034
2005-07-27;1236.790039
2005-07-28;1243.719971
2005-07-29;1234.180054
2005-08-01;1235.349976
2005-08-02;1244.119995
2005-08-03;1245.040039
2005-08-04;1235.859985
2005-08-05;1226.420044
2005-08-08;1223.130005
2005-08-09;1231.380005
2005-08-10;1229.130005
2005-08-11;1237.810059
2005-08-12;1230.390015
2005-08-15;1233.869995
2005-08-16;1219.339966
2005-08-17;1220.239990
2005-08-18;1219.020020
2005-08-19;1219.709961
2005-08-22;1221.729980
2005-08-23;1217.589966
2005-08-24;1209.589966
2005-08-25;1212.369995
2005-08-26;1205.099976
2005-08-29;1212.280029
2005-08-30;1208.410034
2005-08-31;1220.329956
2005-09-01;1221.589966
2005-09-02;1218.020020
2005-09-06;1233.390015
2005-09-07;1236.359985
2005-09-08;1231.670044
2005-09-09;1241.479980
2005-09-12;1240.560059
2005-09-13;1231.199951
2005-09-14;1227.160034
2005-09-15;1227.729980
2005-09-16;1237.910034
2005-09-19;1231.020020
2005-09-20;1221.339966
2005-09-21;1210.199951
2005-09-22;1214.619995
2005-09-23;1215.290039
2005-09-26;1215.630005
2005-09-27;1215.660034
2005-09-28;1216.890015
2005-09-29;1227.680054
2005-09-30;1228.810059
2005-10-03;1226.699951
2005-10-04;1214.469971
2005-10-05;1196.390015
2005-10-06;1191.489990
2005-10-07;1195.900024
2005-10-10;1187.329956
2005-10-11;1184.869995
2005-10-12;1177.680054
2005-10-13;1176.839966
2005-10-14;1186.569946
2005-10-17;1190.099976
2005-10-18;1178.140015
2005-10-19;1195.760010
2005-10-20;1177.800049
2005-10-21;1179.589966
2005-10-24;1199.380005
2005-10-25;1196.540039
2005-10-26;1191.380005
2005-10-27;1178.900024
2005-10-28;1198.410034
2005-10-31;1207.010010
2005-11-01;1202.760010
2005-11-02;1214.760010
2005-11-03;1219.939941
2005-11-04;1220.140015
2005-11-07;1222.810059
2005-11-08;1218.589966
2005-11-09;1220.650024
2005-11-10;1230.959961
2005-11-11;1234.719971
2005-11-14;1233.760010
2005-11-15;1229.010010
2005-11-16;1231.209961
2005-11-17;1242.800049
2005-11-18;1248.270020
2005-11-21;1254.849976
2005-11-22;1261.229980
2005-11-23;1265.609985
2005-11-25;1268.250000
2005-11-28;1257.459961
2005-11-29;1257.479980
2005-11-30;1249.479980
2005-12-01;1264.670044
2005-12-02;1265.079956
2005-12-05;1262.089966
2005-12-06;1263.699951
2005-12-07;1257.369995
2005-12-08;1255.839966
2005-12-09;1259.369995
2005-12-12;1260.430054
2005-12-13;1267.430054
2005-12-14;1272.739990
2005-12-15;1270.939941
2005-12-16;1267.319946
2005-12-19;1259.920044
2005-12-20;1259.619995
2005-12-21;1262.790039
2005-12-22;1268.119995
2005-12-23;1268.660034
2005-12-27;1256.540039
2005-12-28;1258.170044
2005-12-29;1254.420044
2005-12-30;1248.290039
2006-01-03;1268.800049
2006-01-04;1273.459961
2006-01-05;1273.479980
2006-01-06;1285.449951
2006-01-09;1290.150024
2006-01-10;1289.689941
2006-01-11;1294.180054
2006-01-12;1286.060059
2006-01-13;1287.609985
2006-01-17;1282.930054
2006-01-18;1277.930054
2006-01-19;1285.040039
2006-01-20;1261.489990
2006-01-23;1263.819946
2006-01-24;1266.859985
2006-01-25;1264.680054
2006-01-26;1273.829956
2006-01-27;1283.719971
2006-01-30;1285.189941
2006-01-31;1280.079956
2006-02-01;1282.459961
2006-02-02;1270.839966
2006-02-03;1264.030029
2006-02-06;1265.020020
2006-02-07;1254.780029
2006-02-08;1265.650024
2006-02-09;1263.780029
2006-02-10;1266.989990
2006-02-13;1262.859985
2006-02-14;1275.530029
2006-02-15;1280.000000
2006-02-16;1289.380005
2006-02-17;1287.239990
2006-02-21;1283.030029
2006-02-22;1292.670044
2006-02-23;1287.790039
2006-02-24;1289.430054
2006-02-27;1294.119995
2006-02-28;1280.660034
2006-03-01;1291.239990
2006-03-02;1289.140015
2006-03-03;1287.229980
2006-03-06;1278.260010
2006-03-07;1275.880005
2006-03-08;1278.469971
2006-03-09;1272.229980
2006-03-10;1281.420044
2006-03-13;1284.130005
2006-03-14;1297.479980
2006-03-15;1303.020020
2006-03-16;1305.329956
2006-03-17;1307.250000
2006-03-20;1305.079956
2006-03-21;1297.229980
2006-03-22;1305.040039
2006-03-23;1301.670044
2006-03-24;1302.949951
2006-03-27;1301.609985
2006-03-28;1293.229980
2006-03-29;1302.890015
2006-03-30;1300.250000
2006-03-31;1294.869995
2006-04-03;1297.810059
2006-04-04;1305.930054
2006-04-05;1311.560059
2006-04-06;1309.040039
2006-04-07;1295.500000
2006-04-10;1296.619995
2006-04-11;1286.569946
2006-04-12;1288.119995
2006-04-13;1289.119995
2006-04-17;1285.329956
2006-04-18;1307.280029
2006-04-19;1309.930054
2006-04-20;1311.459961
2006-04-21;1311.280029
2006-04-24;1308.109985
2006-04-25;1301.739990
2006-04-26;1305.410034
2006-04-27;1309.719971
2006-04-28;1310.609985
2006-05-01;1305.189941
2006-05-02;1313.209961
2006-05-03;1308.119995
2006-05-04;1312.250000
2006-05-05;1325.760010
2006-05-08;1324.660034
2006-05-09;1325.140015
2006-05-10;1322.849976
2006-05-11;1305.920044
2006-05-12;1291.239990
2006-05-15;1294.500000
2006-05-16;1292.079956
2006-05-17;1270.319946
2006-05-18;1261.810059
2006-05-19;1267.030029
2006-05-22;1262.069946
2006-05-23;1256.579956
2006-05-24;1258.569946
2006-05-25;1272.880005
2006-05-26;1280.160034
2006-05-30;1259.869995
2006-05-31;1270.089966
2006-06-01;1285.709961
2006-06-02;1288.219971
2006-06-05;1265.290039
2006-06-06;1263.849976
2006-06-07;1256.150024
2006-06-08;1257.930054
2006-06-09;1252.300049
2006-06-12;1237.439941
2006-06-13;1223.689941
2006-06-14;1230.040039
2006-06-15;1256.160034
2006-06-16;1251.540039
2006-06-19;1240.130005
2006-06-20;1240.119995
2006-06-21;1252.199951
2006-06-22;1245.599976
2006-06-23;1244.500000
2006-06-26;1250.560059
2006-06-27;1239.199951
2006-06-28;1246.000000
2006-06-29;1272.869995
2006-06-30;1270.199951
2006-07-03;1280.189941
2006-07-05;1270.910034
2006-07-06;1274.079956
2006-07-07;1265.479980
2006-07-10;1267.339966
2006-07-11;1272.430054
2006-07-12;1258.599976
2006-07-13;1242.280029
2006-07-14;1236.199951
2006-07-17;1234.489990
2006-07-18;1236.859985
2006-07-19;1259.810059
2006-07-20;1249.130005
2006-07-21;1240.290039
2006-07-24;1260.910034
2006-07-25;1268.880005
2006-07-26;1268.400024
2006-07-27;1263.199951
2006-07-28;1278.550049
2006-07-31;1276.660034
2006-08-01;1270.920044
2006-08-02;1277.410034
2006-08-03;1280.270020
2006-08-04;1279.359985
2006-08-07;1275.770020
2006-08-08;1271.479980
2006-08-09;1265.949951
2006-08-10;1271.810059
2006-08-11;1266.739990
2006-08-14;1268.209961
2006-08-15;1285.579956
2006-08-16;1295.430054
2006-08-17;1297.479980
2006-08-18;1302.300049
2006-08-21;1297.520020
2006-08-22;1298.819946
2006-08-23;1292.989990
2006-08-24;1296.060059
2006-08-25;1295.089966
2006-08-28;1301.780029
2006-08-29;1304.280029
2006-08-30;1305.369995
2006-08-31;1303.819946
2006-09-01;1311.010010
2006-09-05;1313.250000
2006-09-06;1300.260010
2006-09-07;1294.020020
2006-09-08;1298.920044
2006-09-11;1299.540039
2006-09-12;1313.000000
2006-09-13;1318.069946
2006-09-14;1316.280029
2006-09-15;1319.660034
2006-09-18;1321.180054
2006-09-19;1317.640015
2006-09-20;1325.180054
2006-09-21;1318.030029
2006-09-22;1314.780029
2006-09-25;1326.369995
2006-09-26;1336.349976
2006-09-27;1336.589966
2006-09-28;1338.880005
2006-09-29;1335.849976
2006-10-02;1331.319946
2006-10-03;1334.109985
2006-10-04;1350.199951
2006-10-05;1353.219971
2006-10-06;1349.589966
2006-10-09;1350.660034
2006-10-10;1353.420044
2006-10-11;1349.949951
2006-10-12;1362.829956
2006-10-13;1365.619995
2006-10-16;1369.060059
2006-10-17;1364.050049
2006-10-18;1365.800049
2006-10-19;1366.959961
2006-10-20;1368.599976
2006-10-23;1377.020020
2006-10-24;1377.380005
2006-10-25;1382.219971
2006-10-26;1389.079956
2006-10-27;1377.339966
2006-10-30;1377.930054
2006-10-31;1377.939941
2006-11-01;1367.810059
2006-11-02;1367.339966
2006-11-03;1364.300049
2006-11-06;1379.780029
2006-11-07;1382.839966
2006-11-08;1385.719971
2006-11-09;1378.329956
2006-11-10;1380.900024
2006-11-13;1384.420044
2006-11-14;1393.219971
2006-11-15;1396.569946
2006-11-16;1399.760010
2006-11-17;1401.199951
2006-11-20;1400.500000
2006-11-21;1402.810059
2006-11-22;1406.089966
2006-11-24;1400.949951
2006-11-27;1381.959961
2006-11-28;1386.719971
2006-11-29;1399.479980
2006-11-30;1400.630005
2006-12-01;1396.709961
2006-12-04;1409.119995
2006-12-05;1414.760010
2006-12-06;1412.900024
2006-12-07;1407.290039
2006-12-08;1409.839966
2006-12-11;1413.040039
2006-12-12;1411.560059
2006-12-13;1413.209961
2006-12-14;1425.489990
2006-12-15;1427.089966
2006-12-18;1422.479980
2006-12-19;1425.550049
2006-12-20;1423.530029
2006-12-21;1418.300049
2006-12-22;1410.760010
2006-12-26;1416.900024
2006-12-27;1426.839966
2006-12-28;1424.729980
2006-12-29;1418.300049
2007-01-03;1416.599976
2007-01-04;1418.339966
2007-01-05;1409.709961
2007-01-08;1412.839966
2007-01-09;1412.109985
2007-01-10;1414.849976
2007-01-11;1423.819946
2007-01-12;1430.729980
2007-01-16;1431.900024
2007-01-17;1430.619995
2007-01-18;1426.369995
2007-01-19;1430.500000
2007-01-22;1422.949951
2007-01-23;1427.989990
2007-01-24;1440.130005
2007-01-25;1423.900024
2007-01-26;1422.180054
2007-01-29;1420.619995
2007-01-30;1428.819946
2007-01-31;1438.239990
2007-02-01;1445.939941
2007-02-02;1448.390015
2007-02-05;1446.989990
2007-02-06;1448.000000
2007-02-07;1450.020020
2007-02-08;1448.310059
2007-02-09;1438.060059
2007-02-12;1433.369995
2007-02-13;1444.260010
2007-02-14;1455.300049
2007-02-15;1456.810059
2007-02-16;1455.540039
2007-02-20;1459.680054
2007-02-21;1457.630005
2007-02-22;1456.380005
2007-02-23;1451.189941
2007-02-26;1449.369995
2007-02-27;1399.040039
2007-02-28;1406.819946
2007-03-01;1403.170044
2007-03-02;1387.170044
2007-03-05;1374.119995
2007-03-06;1395.410034
2007-03-07;1391.969971
2007-03-08;1401.890015
2007-03-09;1402.839966
2007-03-12;1406.599976
2007-03-13;1377.949951
2007-03-14;1387.170044
2007-03-15;1392.280029
2007-03-16;1386.949951
2007-03-19;1402.060059
2007-03-20;1410.939941
2007-03-21;1435.040039
2007-03-22;1434.540039
2007-03-23;1436.109985
2007-03-26;1437.500000
2007-03-27;1428.609985
2007-03-28;1417.229980
2007-03-29;1422.530029
2007-03-30;1420.859985
2007-04-02;1424.550049
2007-04-03;1437.770020
2007-04-04;1439.369995
2007-04-05;1443.760010
2007-04-09;1444.609985
2007-04-10;1448.390015
2007-04-11;1438.869995
2007-04-12;1447.800049
2007-04-13;1452.849976
2007-04-16;1468.329956
2007-04-17;1471.479980
2007-04-18;1472.500000
2007-04-19;1470.729980
2007-04-20;1484.349976
2007-04-23;1480.930054
2007-04-24;1480.410034
2007-04-25;1495.420044
2007-04-26;1494.250000
2007-04-27;1494.069946
2007-04-30;1482.369995
2007-05-01;1486.300049
2007-05-02;1495.920044
2007-05-03;1502.390015
2007-05-04;1505.619995
2007-05-07;1509.479980
2007-05-08;1507.719971
2007-05-09;1512.579956
2007-05-10;1491.469971
2007-05-11;1505.849976
2007-05-14;1503.150024
2007-05-15;1501.189941
2007-05-16;1514.140015
2007-05-17;1512.750000
2007-05-18;1522.750000
2007-05-21;1525.099976
2007-05-22;1524.119995
2007-05-23;1522.280029
2007-05-24;1507.510010
2007-05-25;1515.729980
2007-05-29;1518.109985
2007-05-30;1530.229980
2007-05-31;1530.619995
2007-06-01;1536.339966
2007-06-04;1539.180054
2007-06-05;1530.949951
2007-06-06;1517.380005
2007-06-07;1490.719971
2007-06-08;1507.670044
2007-06-11;1509.119995
2007-06-12;1493.000000
2007-06-13;1515.670044
2007-06-14;1522.969971
2007-06-15;1532.910034
2007-06-18;1531.050049
2007-06-19;1533.699951
2007-06-20;1512.839966
2007-06-21;1522.189941
2007-06-22;1502.560059
2007-06-25;1497.739990
2007-06-26;1492.890015
2007-06-27;1506.339966
2007-06-28;1505.709961
2007-06-29;1503.349976
2007-07-02;1519.430054
2007-07-03;1524.869995
2007-07-05;1525.400024
2007-07-06;1530.439941
2007-07-09;1531.849976
2007-07-10;1510.119995
2007-07-11;1518.760010
2007-07-12;1547.699951
2007-07-13;1552.500000
2007-07-16;1549.520020
2007-07-17;1549.369995
2007-07-18;1546.170044
2007-07-19;1553.079956
2007-07-20;1534.099976
2007-07-23;1541.569946
2007-07-24;1511.040039
2007-07-25;1518.089966
2007-07-26;1482.660034
2007-07-27;1458.949951
2007-07-30;1473.910034
2007-07-31;1455.270020
2007-08-01;1465.810059
2007-08-02;1472.199951
2007-08-03;1433.060059
2007-08-06;1467.670044
2007-08-07;1476.709961
2007-08-08;1497.489990
2007-08-09;1453.089966
2007-08-10;1453.640015
2007-08-13;1452.920044
2007-08-14;1426.540039
2007-08-15;1406.699951
2007-08-16;1411.270020
2007-08-17;1445.939941
2007-08-20;1445.550049
2007-08-21;1447.119995
2007-08-22;1464.069946
2007-08-23;1462.500000
2007-08-24;1479.369995
2007-08-27;1466.790039
2007-08-28;1432.359985
2007-08-29;1463.760010
2007-08-30;1457.640015
2007-08-31;1473.989990
2007-09-04;1489.420044
2007-09-05;1472.290039
2007-09-06;1478.550049
2007-09-07;1453.550049
2007-09-10;1451.699951
2007-09-11;1471.489990
2007-09-12;1471.560059
2007-09-13;1483.949951
2007-09-14;1484.250000
2007-09-17;1476.650024
2007-09-18;1519.780029
2007-09-19;1529.030029
2007-09-20;1518.750000
2007-09-21;1525.750000
2007-09-24;1517.729980
2007-09-25;1517.209961
2007-09-26;1525.420044
2007-09-27;1531.380005
2007-09-28;1526.750000
2007-10-01;1547.040039
2007-10-02;1546.630005
2007-10-03;1539.589966
2007-10-04;1542.839966
2007-10-05;1557.589966
2007-10-08;1552.579956
2007-10-09;1565.150024
2007-10-10;1562.469971
2007-10-11;1554.410034
2007-10-12;1561.800049
2007-10-15;1548.709961
2007-10-16;1538.530029
2007-10-17;1541.239990
2007-10-18;1540.079956
2007-10-19;1500.630005
2007-10-22;1506.329956
2007-10-23;1519.589966
2007-10-24;1515.880005
2007-10-25;1514.400024
2007-10-26;1535.280029
2007-10-29;1540.979980
2007-10-30;1531.020020
2007-10-31;1549.380005
2007-11-01;1508.439941
2007-11-02;1509.650024
2007-11-05;1502.170044
2007-11-06;1520.270020
2007-11-07;1475.619995
2007-11-08;1474.770020
2007-11-09;1453.699951
2007-11-12;1439.180054
2007-11-13;1481.050049
2007-11-14;1470.579956
2007-11-15;1451.150024
2007-11-16;1458.739990
2007-11-19;1433.270020
2007-11-20;1439.699951
2007-11-21;1416.770020
2007-11-23;1440.699951
2007-11-26;1407.219971
2007-11-27;1428.229980
2007-11-28;1469.020020
2007-11-29;1469.719971
2007-11-30;1481.140015
2007-12-03;1472.420044
2007-12-04;1462.790039
2007-12-05;1485.010010
2007-12-06;1507.339966
2007-12-07;1504.660034
2007-12-10;1515.959961
2007-12-11;1477.650024
2007-12-12;1486.589966
2007-12-13;1488.410034
2007-12-14;1467.949951
2007-12-17;1445.900024
2007-12-18;1454.979980
2007-12-19;1453.000000
2007-12-20;1460.119995
2007-12-21;1484.459961
2007-12-24;1496.449951
2007-12-26;1497.660034
2007-12-27;1476.270020
2007-12-28;1478.489990
2007-12-31;1468.359985
2008-01-02;1447.160034
2008-01-03;1447.160034
2008-01-04;1411.630005
2008-01-07;1416.180054
2008-01-08;1390.189941
2008-01-09;1409.130005
2008-01-10;1420.329956
2008-01-11;1401.020020
2008-01-14;1416.250000
2008-01-15;1380.949951
2008-01-16;1373.199951
2008-01-17;1333.250000
2008-01-18;1325.189941
2008-01-22;1310.500000
2008-01-23;1338.599976
2008-01-24;1352.069946
2008-01-25;1330.609985
2008-01-28;1353.959961
2008-01-29;1362.300049
2008-01-30;1355.810059
2008-01-31;1378.550049
2008-02-01;1395.420044
2008-02-04;1380.819946
2008-02-05;1336.640015
2008-02-06;1326.449951
2008-02-07;1336.910034
2008-02-08;1331.290039
2008-02-11;1339.130005
2008-02-12;1348.859985
2008-02-13;1367.209961
2008-02-14;1348.859985
2008-02-15;1349.989990
2008-02-19;1348.780029
2008-02-20;1360.030029
2008-02-21;1342.530029
2008-02-22;1353.109985
2008-02-25;1371.800049
2008-02-26;1381.290039
2008-02-27;1380.020020
2008-02-28;1367.680054
2008-02-29;1330.630005
2008-03-03;1331.339966
2008-03-04;1326.750000
2008-03-05;1333.699951
2008-03-06;1304.339966
2008-03-07;1293.369995
2008-03-10;1273.369995
2008-03-11;1320.650024
2008-03-12;1308.770020
2008-03-13;1315.479980
2008-03-14;1288.140015
2008-03-17;1276.599976
2008-03-18;1330.739990
2008-03-19;1298.420044
2008-03-20;1329.510010
2008-03-24;1349.880005
2008-03-25;1352.989990
2008-03-26;1341.130005
2008-03-27;1325.760010
2008-03-28;1315.219971
2008-03-31;1322.699951
2008-04-01;1370.180054
2008-04-02;1367.530029
2008-04-03;1369.310059
2008-04-04;1370.400024
2008-04-07;1372.540039
2008-04-08;1365.540039
2008-04-09;1354.489990
2008-04-10;1360.550049
2008-04-11;1332.829956
2008-04-14;1328.319946
2008-04-15;1334.430054
2008-04-16;1364.709961
2008-04-17;1365.560059
2008-04-18;1390.329956
2008-04-21;1388.170044
2008-04-22;1375.939941
2008-04-23;1379.930054
2008-04-24;1388.819946
2008-04-25;1397.839966
2008-04-28;1396.369995
2008-04-29;1390.939941
2008-04-30;1385.589966
2008-05-01;1409.339966
2008-05-02;1413.900024
2008-05-05;1407.489990
2008-05-06;1418.260010
2008-05-07;1392.569946
2008-05-08;1397.680054
2008-05-09;1388.280029
2008-05-12;1403.579956
2008-05-13;1403.040039
2008-05-14;1408.660034
2008-05-15;1423.569946
2008-05-16;1425.349976
2008-05-19;1426.630005
2008-05-20;1413.400024
2008-05-21;1390.709961
2008-05-22;1394.349976
2008-05-23;1375.930054
2008-05-27;1385.349976
2008-05-28;1390.839966
2008-05-29;1398.260010
2008-05-30;1400.380005
2008-06-02;1385.670044
2008-06-03;1377.650024
2008-06-04;1377.199951
2008-06-05;1404.050049
2008-06-06;1360.680054
2008-06-09;1361.760010
2008-06-10;1358.439941
2008-06-11;1335.489990
2008-06-12;1339.869995
2008-06-13;1360.030029
2008-06-16;1360.140015
2008-06-17;1350.930054
2008-06-18;1337.810059
2008-06-19;1342.829956
2008-06-20;1317.930054
2008-06-23;1318.000000
2008-06-24;1314.290039
2008-06-25;1321.969971
2008-06-26;1283.150024
2008-06-27;1278.380005
2008-06-30;1280.000000
2008-07-01;1284.910034
2008-07-02;1261.520020
2008-07-03;1262.900024
2008-07-07;1252.310059
2008-07-08;1273.699951
2008-07-09;1244.689941
2008-07-10;1253.390015
2008-07-11;1239.489990
2008-07-14;1228.300049
2008-07-15;1214.910034
2008-07-16;1245.359985
2008-07-17;1260.319946
2008-07-18;1260.680054
2008-07-21;1260.000000
2008-07-22;1277.000000
2008-07-23;1282.189941
2008-07-24;1252.540039
2008-07-25;1257.760010
2008-07-28;1234.369995
2008-07-29;1263.199951
2008-07-30;1284.260010
2008-07-31;1267.380005
2008-08-01;1260.310059
2008-08-04;1249.010010
2008-08-05;1284.880005
2008-08-06;1289.189941
2008-08-07;1266.069946
2008-08-08;1296.319946
2008-08-11;1305.319946
2008-08-12;1289.589966
2008-08-13;1285.829956
2008-08-14;1292.930054
2008-08-15;1298.199951
2008-08-18;1278.599976
2008-08-19;1266.689941
2008-08-20;1274.540039
2008-08-21;1277.719971
2008-08-22;1292.199951
2008-08-25;1266.839966
2008-08-26;1271.510010
2008-08-27;1281.660034
2008-08-28;1300.680054
2008-08-29;1282.829956
2008-09-02;1277.579956
2008-09-03;1274.979980
2008-09-04;1236.829956
2008-09-05;1242.310059
2008-09-08;1267.790039
2008-09-09;1224.510010
2008-09-10;1232.040039
2008-09-11;1249.050049
2008-09-12;1251.699951
2008-09-15;1192.699951
2008-09-16;1213.599976
2008-09-17;1156.390015
2008-09-18;1206.510010
2008-09-19;1255.079956
2008-09-22;1207.089966
2008-09-23;1188.219971
2008-09-24;1185.869995
2008-09-25;1209.180054
2008-09-26;1213.270020
2008-09-29;1106.420044
2008-09-30;1166.359985
2008-10-01;1161.060059
2008-10-02;1114.280029
2008-10-03;1099.229980
2008-10-06;1056.890015
2008-10-07;996.229980
2008-10-08;984.940002
2008-10-09;909.919983
2008-10-10;899.219971
2008-10-13;1003.349976
2008-10-14;998.010010
2008-10-15;907.840027
2008-10-16;946.429993
2008-10-17;940.549988
2008-10-20;985.400024
2008-10-21;955.049988
2008-10-22;896.780029
2008-10-23;908.109985
2008-10-24;876.770020
2008-10-27;848.919983
2008-10-28;940.510010
2008-10-29;930.090027
2008-10-30;954.090027
2008-10-31;968.750000
2008-11-03;966.299988
2008-11-04;1005.750000
2008-11-05;952.770020
2008-11-06;904.880005
2008-11-07;930.989990
2008-11-10;919.210022
2008-11-11;898.950012
2008-11-12;852.299988
2008-11-13;911.289978
2008-11-14;873.289978
2008-11-17;850.750000
2008-11-18;859.119995
2008-11-19;806.580017
2008-11-20;752.440002
2008-11-21;800.030029
2008-11-24;851.809998
2008-11-25;857.390015
2008-11-26;887.679993
2008-11-28;896.239990
2008-12-01;816.210022
2008-12-02;848.809998
2008-12-03;870.739990
2008-12-04;845.219971
2008-12-05;876.070007
2008-12-08;909.700012
2008-12-09;888.669983
2008-12-10;899.239990
2008-12-11;873.590027
2008-12-12;879.729980
2008-12-15;868.570007
2008-12-16;913.179993
2008-12-17;904.419983
2008-12-18;885.280029
2008-12-19;887.880005
2008-12-22;871.630005
2008-12-23;863.159973
2008-12-24;868.150024
2008-12-26;872.799988
2008-12-29;869.419983
2008-12-30;890.640015
2008-12-31;903.250000
2009-01-02;931.799988
2009-01-05;927.450012
2009-01-06;934.700012
2009-01-07;906.650024
2009-01-08;909.729980
2009-01-09;890.349976
2009-01-12;870.260010
2009-01-13;871.789978
2009-01-14;842.619995
2009-01-15;843.739990
2009-01-16;850.119995
2009-01-20;805.219971
2009-01-21;840.239990
2009-01-22;827.500000
2009-01-23;831.950012
2009-01-26;836.570007
2009-01-27;845.710022
2009-01-28;874.090027
2009-01-29;845.140015
2009-01-30;825.880005
2009-02-02;825.440002
2009-02-03;838.510010
2009-02-04;832.229980
2009-02-05;845.849976
2009-02-06;868.599976
2009-02-09;869.890015
2009-02-10;827.159973
2009-02-11;833.739990
2009-02-12;835.190002
2009-02-13;826.840027
2009-02-17;789.169983
2009-02-18;788.419983
2009-02-19;778.940002
2009-02-20;770.049988
2009-02-23;743.330017
2009-02-24;773.140015
2009-02-25;764.900024
2009-02-26;752.830017
2009-02-27;735.090027
2009-03-02;700.820007
2009-03-03;696.330017
2009-03-04;712.869995
2009-03-05;682.549988
2009-03-06;683.380005
2009-03-09;676.530029
2009-03-10;719.599976
2009-03-11;721.359985
2009-03-12;750.739990
2009-03-13;756.549988
2009-03-16;753.890015
2009-03-17;778.119995
2009-03-18;794.349976
2009-03-19;784.039978
2009-03-20;768.539978
2009-03-23;822.919983
2009-03-24;806.119995
2009-03-25;813.880005
2009-03-26;832.859985
2009-03-27;815.940002
2009-03-30;787.530029
2009-03-31;797.869995
2009-04-01;811.080017
2009-04-02;834.380005
2009-04-03;842.500000
2009-04-06;835.479980
2009-04-07;815.549988
2009-04-08;825.159973
2009-04-09;856.559998
2009-04-13;858.729980
2009-04-14;841.500000
2009-04-15;852.059998
2009-04-16;865.299988
2009-04-17;869.599976
2009-04-20;832.390015
2009-04-21;850.080017
2009-04-22;843.549988
2009-04-23;851.919983
2009-04-24;866.229980
2009-04-27;857.510010
2009-04-28;855.159973
2009-04-29;873.640015
2009-04-30;872.809998
2009-05-01;877.520020
2009-05-04;907.239990
2009-05-05;903.799988
2009-05-06;919.530029
2009-05-07;907.390015
2009-05-08;929.229980
2009-05-11;909.239990
2009-05-12;908.349976
2009-05-13;883.919983
2009-05-14;893.070007
2009-05-15;882.880005
2009-05-18;909.710022
2009-05-19;908.130005
2009-05-20;903.469971
2009-05-21;888.330017
2009-05-22;887.000000
2009-05-26;910.330017
2009-05-27;893.059998
2009-05-28;906.830017
2009-05-29;919.140015
2009-06-01;942.869995
2009-06-02;944.739990
2009-06-03;931.760010
2009-06-04;942.460022
2009-06-05;940.090027
2009-06-08;939.140015
2009-06-09;942.429993
2009-06-10;939.150024
2009-06-11;944.890015
2009-06-12;946.210022
2009-06-15;923.719971
2009-06-16;911.969971
2009-06-17;910.710022
2009-06-18;918.369995
2009-06-19;921.229980
2009-06-22;893.039978
2009-06-23;895.099976
2009-06-24;900.940002
2009-06-25;920.260010
2009-06-26;918.900024
2009-06-29;927.229980
2009-06-30;919.320007
2009-07-01;923.330017
2009-07-02;896.419983
2009-07-06;898.719971
2009-07-07;881.030029
2009-07-08;879.559998
2009-07-09;882.679993
2009-07-10;879.130005
2009-07-13;901.049988
2009-07-14;905.840027
2009-07-15;932.679993
2009-07-16;940.739990
2009-07-17;940.380005
2009-07-20;951.130005
2009-07-21;954.580017
2009-07-22;954.070007
2009-07-23;976.289978
2009-07-24;979.260010
2009-07-27;982.179993
2009-07-28;979.619995
2009-07-29;975.150024
2009-07-30;986.750000
2009-07-31;987.479980
2009-08-03;1002.630005
2009-08-04;1005.650024
2009-08-05;1002.719971
2009-08-06;997.080017
2009-08-07;1010.479980
2009-08-10;1007.099976
2009-08-11;994.349976
2009-08-12;1005.809998
2009-08-13;1012.729980
2009-08-14;1004.090027
2009-08-17;979.729980
2009-08-18;989.669983
2009-08-19;996.460022
2009-08-20;1007.369995
2009-08-21;1026.130005
2009-08-24;1025.569946
2009-08-25;1028.000000
2009-08-26;1028.119995
2009-08-27;1030.979980
2009-08-28;1028.930054
2009-08-31;1020.619995
2009-09-01;998.039978
2009-09-02;994.750000
2009-09-03;1003.239990
2009-09-04;1016.400024
2009-09-08;1025.390015
2009-09-09;1033.369995
2009-09-10;1044.140015
2009-09-11;1042.729980
2009-09-14;1049.339966
2009-09-15;1052.630005
2009-09-16;1068.760010
2009-09-17;1065.489990
2009-09-18;1068.300049
2009-09-21;1064.660034
2009-09-22;1071.660034
2009-09-23;1060.869995
2009-09-24;1050.780029
2009-09-25;1044.380005
2009-09-28;1062.979980
2009-09-29;1060.609985
2009-09-30;1057.079956
2009-10-01;1029.849976
2009-10-02;1025.209961
2009-10-05;1040.459961
2009-10-06;1054.719971
2009-10-07;1057.579956
2009-10-08;1065.479980
2009-10-09;1071.489990
2009-10-12;1076.189941
2009-10-13;1073.189941
2009-10-14;1092.020020
2009-10-15;1096.560059
2009-10-16;1087.680054
2009-10-19;1097.910034
2009-10-20;1091.060059
2009-10-21;1081.400024
2009-10-22;1092.910034
2009-10-23;1079.599976
2009-10-26;1066.949951
2009-10-27;1063.410034
2009-10-28;1042.630005
2009-10-29;1066.109985
2009-10-30;1036.189941
2009-11-02;1042.880005
2009-11-03;1045.410034
2009-11-04;1046.500000
2009-11-05;1066.630005
2009-11-06;1069.300049
2009-11-09;1093.079956
2009-11-10;1093.010010
2009-11-11;1098.510010
2009-11-12;1087.239990
2009-11-13;1093.479980
2009-11-16;1109.300049
2009-11-17;1110.319946
2009-11-18;1109.800049
2009-11-19;1094.900024
2009-11-20;1091.380005
2009-11-23;1106.239990
2009-11-24;1105.650024
2009-11-25;1110.630005
2009-11-27;1091.489990
2009-11-30;1095.630005